,x0,x1,x2,x3,x4,x5,x6,x7,x8,x9,x10,x11,y
0,0,0,0,0,0,0,0,11,16,104,1,109,3
1,0,0,0,0,0,0,0,21,4,13,16,79,3
2,0,0,0,0,0,0,0,0,9,59,62,80,3
3,0,0,0,0,0,0,115,16,92,20,173,35,3
4,0,0,0,0,0,0,0,12,24,104,1,174,3
5,0,0,0,0,0,0,52,20,1,16,132,175,3
6,0,0,0,0,0,0,0,65,16,62,148,176,3
7,0,0,0,0,0,125,1,34,4,13,16,79,3
8,0,0,0,0,0,0,0,164,6,48,16,92,3
9,0,0,0,0,0,9,177,213,177,143,214,215,3
10,0,0,0,0,0,0,0,21,16,66,1,22,3
11,0,0,0,0,0,0,0,9,20,1,64,35,3
12,0,0,0,0,0,0,0,133,20,1,64,35,3
13,0,0,0,0,0,0,115,59,62,216,148,217,3
14,0,0,0,0,0,0,0,12,16,116,6,149,3
15,0,0,0,0,0,0,0,52,20,1,150,34,3
16,0,0,0,0,0,0,0,9,16,66,1,151,3
17,0,0,0,0,125,1,109,62,80,17,97,8,3
18,0,0,0,0,0,0,11,92,62,110,74,48,3
19,0,0,0,0,0,9,20,1,16,132,98,34,3
20,0,0,0,0,0,0,0,115,4,13,16,50,3
21,0,0,0,0,0,0,0,12,16,104,1,218,3
22,0,0,0,0,0,0,52,152,2,1,16,35,3
23,0,0,0,0,0,0,0,9,24,10,6,178,3
24,0,0,0,0,0,0,0,9,20,1,16,34,3
25,0,0,0,0,0,0,0,0,0,0,21,153,3
26,0,0,0,0,0,0,0,11,16,20,173,219,3
27,0,0,0,0,0,0,0,115,66,1,16,109,3
28,0,0,0,0,0,0,0,12,16,104,1,220,3
29,0,0,0,0,0,125,1,16,79,20,1,179,3
30,0,0,0,0,0,9,4,13,16,79,62,180,3
31,0,0,0,0,0,0,0,52,20,1,64,48,3
32,0,0,0,0,0,0,0,11,16,104,1,221,3
33,0,0,0,0,0,0,0,21,16,63,1,222,3
34,0,0,0,0,0,0,0,9,16,92,62,223,3
35,0,0,0,0,0,133,2,1,16,132,98,109,3
36,0,0,0,0,0,0,0,125,1,181,79,92,3
37,0,0,0,0,0,0,0,164,6,48,62,176,3
38,0,0,0,0,0,0,0,0,9,16,224,225,3
39,0,0,0,0,0,115,4,13,16,79,62,226,3
40,0,0,0,0,0,0,0,12,16,63,1,182,3
41,0,0,0,0,0,0,0,52,20,1,227,34,3
42,0,0,0,0,0,0,0,9,24,10,1,178,3
43,0,0,0,0,0,0,0,11,16,134,1,183,3
44,0,0,0,0,0,0,21,16,63,1,228,229,3
45,0,0,0,0,0,0,0,9,59,62,80,230,3
46,0,0,0,0,0,0,0,125,1,16,151,92,3
47,0,0,0,0,0,0,0,12,16,154,1,231,3
48,0,0,0,0,0,52,20,1,98,35,62,80,3
49,0,0,0,0,9,4,13,16,79,63,1,184,3
50,0,0,0,0,0,0,0,115,4,13,16,50,3
51,0,0,0,0,0,0,0,11,16,134,1,232,3
52,0,0,0,0,0,0,0,0,164,13,64,48,3
53,0,0,0,0,0,0,0,12,16,63,1,233,3
54,0,0,0,0,0,0,52,152,2,1,16,109,3
55,0,0,0,0,0,0,9,24,66,1,234,34,3
56,0,0,0,0,0,0,0,0,125,1,150,35,3
57,0,0,0,0,11,92,62,110,74,1,16,79,3
58,0,0,0,0,0,0,0,133,20,1,235,48,3
59,0,0,0,0,0,0,0,21,16,66,1,236,3
60,0,0,0,0,0,0,0,9,24,63,1,237,3
61,0,0,0,0,0,0,0,0,115,16,62,238,3
62,0,0,0,0,0,0,0,12,16,134,1,183,3
63,0,0,0,0,0,52,20,1,64,34,62,180,3
64,0,0,0,0,0,0,0,9,153,63,1,185,3
65,0,0,0,0,0,0,0,11,16,10,1,239,3
66,0,0,0,0,0,133,20,1,16,132,175,35,3
67,0,0,0,0,0,125,1,16,79,20,1,240,3
68,0,0,0,0,0,0,0,12,24,2,1,241,3
69,0,0,0,0,0,0,0,52,20,1,16,242,3
70,0,0,0,0,9,4,13,16,79,63,1,243,3
71,0,0,0,0,0,0,0,115,16,154,1,244,3
72,0,0,0,0,0,11,92,62,80,4,148,14,3
73,0,0,0,0,0,0,0,133,2,1,150,151,3
74,0,0,0,0,0,0,0,21,16,66,1,245,3
75,0,0,0,0,0,0,0,12,16,63,1,246,3
76,0,0,0,0,0,0,52,152,2,1,16,174,3
77,0,0,0,0,0,0,0,9,24,63,1,247,3
78,0,0,0,0,0,0,11,16,248,1,98,249,3
79,0,0,0,0,133,20,1,16,48,63,1,250,3
80,0,0,0,0,0,125,1,181,79,20,1,179,3
81,0,0,0,0,0,0,0,164,6,48,16,92,3
82,0,0,0,0,0,0,0,9,24,66,1,251,3
83,0,0,0,0,0,0,0,115,16,154,1,252,3
84,0,0,0,0,0,0,0,12,16,63,1,253,3
85,0,0,0,0,52,20,1,64,35,2,6,149,3
86,0,0,0,0,0,0,0,11,16,66,1,254,3
87,0,0,0,0,0,0,0,21,153,63,1,255,3
88,0,0,0,0,0,0,0,0,9,59,62,256,3
89,0,0,0,0,0,125,1,16,257,63,1,182,3
90,0,0,0,0,0,0,0,12,16,134,1,258,3
91,0,0,0,0,52,20,1,16,109,63,1,185,3
92,0,0,0,0,0,0,9,24,66,1,259,260,3
93,0,0,0,0,0,0,11,16,2,6,261,149,3
94,0,0,0,0,0,0,0,0,0,0,0,94,4
95,0,0,0,0,0,0,0,0,0,0,9,117,4
96,0,0,0,0,0,0,0,0,0,11,4,89,4
97,0,0,0,0,0,0,0,0,0,0,0,308,4
98,0,0,0,0,0,0,0,0,0,89,6,14,4
99,0,0,0,0,0,0,0,0,0,0,0,135,4
100,0,0,0,0,0,0,0,0,0,0,70,54,4
101,0,0,0,0,0,0,0,0,0,0,0,309,4
102,0,0,0,0,0,0,0,9,4,13,67,72,4
103,0,0,0,0,0,0,0,0,51,13,70,54,4
104,0,0,0,0,0,0,0,0,0,0,11,67,4
105,0,0,0,0,0,0,0,0,81,2,1,136,4
106,0,0,0,0,0,0,0,0,0,0,89,48,4
107,0,0,0,0,0,0,0,0,0,0,94,67,4
108,0,0,0,0,0,0,0,9,44,15,1,90,4
109,0,0,0,0,0,0,0,9,4,1,96,14,4
110,0,0,0,0,0,0,0,0,0,70,4,89,4
111,0,0,0,0,0,0,0,0,0,0,0,262,4
112,0,0,0,0,0,0,0,0,9,10,1,136,4
113,0,0,0,0,0,0,0,0,0,0,54,44,4
114,0,0,0,0,0,0,0,11,4,13,67,50,4
115,0,0,0,0,0,0,9,54,15,6,60,53,4
116,0,0,0,0,0,0,0,0,0,0,11,117,4
117,0,0,0,0,0,0,0,0,0,0,155,54,4
118,0,0,0,0,0,0,0,0,0,310,6,126,4
119,0,0,0,0,0,0,0,0,9,10,1,54,4
120,0,0,0,0,0,0,0,0,0,0,263,54,4
121,0,0,0,0,0,0,0,0,0,0,0,311,4
122,0,0,0,0,0,0,0,0,51,13,67,70,4
123,0,0,0,0,0,0,0,9,54,66,1,35,4
124,0,0,0,0,0,0,70,44,15,1,59,14,4
125,0,0,0,0,0,0,0,0,0,89,6,69,4
126,0,0,0,0,0,0,0,94,15,1,60,53,4
127,0,0,0,0,0,0,0,0,0,0,11,54,4
128,0,0,0,0,0,0,0,0,81,2,1,54,4
129,0,0,0,0,0,0,0,0,9,2,1,136,4
130,0,0,0,0,0,0,0,0,0,0,200,54,4
131,0,0,0,0,9,4,1,96,14,15,1,90,4
132,0,0,0,0,0,0,0,94,2,13,137,127,4
133,0,0,0,0,0,0,0,70,4,1,96,14,4
134,0,0,0,0,0,0,0,9,4,13,117,72,4
135,0,0,0,0,0,0,0,0,135,15,1,90,4
136,0,0,0,0,0,0,0,0,0,0,155,264,4
137,0,0,0,0,0,0,0,0,0,51,126,67,4
138,0,0,0,0,0,0,0,11,4,1,89,14,4
139,0,0,0,0,0,0,0,94,15,1,60,105,4
140,0,0,0,0,0,0,70,54,15,1,60,53,4
141,0,0,0,0,0,0,0,0,9,116,1,136,4
142,0,0,0,0,0,0,0,81,44,15,1,90,4
143,0,0,0,0,0,0,0,11,4,13,67,50,4
144,0,0,0,0,0,0,0,0,0,0,135,106,4
145,0,0,0,0,51,13,70,44,15,1,59,14,4
146,0,0,0,0,0,0,0,9,4,1,96,35,4
147,0,0,0,0,0,0,0,0,94,66,1,35,4
148,0,0,0,0,0,0,70,54,15,1,60,127,4
149,0,0,0,0,0,0,11,54,15,1,60,105,4
150,0,0,0,0,0,0,0,9,4,13,117,14,4
151,0,0,0,0,0,0,0,263,44,15,1,90,4
152,0,0,0,0,0,0,0,70,67,20,1,35,4
153,0,0,0,0,0,0,0,94,2,13,156,105,4
154,0,0,0,0,0,0,9,44,15,1,59,50,4
155,0,0,0,0,0,0,0,11,4,1,96,22,4
156,0,0,0,0,0,0,0,94,2,13,137,107,4
157,0,0,0,0,0,9,4,1,14,96,2,59,4
158,0,0,0,0,0,0,155,54,15,1,60,53,4
159,0,0,0,0,0,0,0,135,2,13,186,127,4
160,0,0,0,0,0,0,51,126,4,13,67,72,4
161,0,0,0,0,0,0,0,9,4,1,89,50,4
162,0,0,0,0,0,0,70,54,2,13,137,107,4
163,0,0,0,0,0,0,0,11,44,15,1,90,4
164,0,0,0,0,0,0,0,94,15,1,60,107,4
165,0,0,0,0,0,0,0,9,4,13,117,50,4
166,0,0,0,0,0,0,0,0,94,66,1,34,4
167,0,0,0,0,0,0,81,67,15,1,60,127,4
168,0,0,0,0,0,0,70,44,15,1,59,50,4
169,0,0,0,0,0,0,0,9,4,1,96,48,4
170,0,0,0,0,0,0,0,135,2,13,156,105,4
171,0,0,0,0,0,0,11,54,15,1,60,187,4
172,0,0,0,0,0,0,0,94,2,13,157,127,4
173,0,0,0,0,0,0,0,9,4,13,67,35,4
174,0,0,0,0,0,0,70,54,15,1,165,53,4
175,0,0,0,0,0,0,0,11,4,1,89,48,4
176,0,0,0,0,9,2,1,136,15,1,60,105,4
177,0,0,0,0,0,0,0,94,15,1,60,107,4
178,0,0,0,0,0,0,0,135,2,13,186,107,4
179,0,0,0,0,0,0,51,126,4,1,96,14,4
180,0,0,0,0,0,0,9,44,15,1,90,14,4
181,0,0,0,0,0,0,0,94,66,1,34,265,4
182,0,0,0,0,0,0,70,67,20,1,35,188,4
183,0,0,0,0,0,0,11,54,2,13,137,105,4
184,0,0,0,0,0,0,0,9,4,13,117,72,4
185,0,0,0,0,0,0,0,94,2,13,157,105,4
186,0,0,0,0,0,0,155,54,15,1,165,53,4
187,0,0,0,0,0,0,0,135,2,13,156,107,4
188,0,0,0,0,0,0,51,126,4,1,89,14,4
189,0,0,0,0,0,9,4,1,96,22,15,59,4
190,0,0,0,0,0,0,0,94,66,1,48,188,4
191,0,0,0,0,0,0,70,54,2,13,157,107,4
192,0,0,0,0,0,0,11,44,15,1,59,50,4
193,0,0,0,0,0,0,0,9,4,1,89,35,4
194,0,0,0,0,0,0,0,0,312,2,1,17,5
195,0,0,0,0,0,0,0,71,116,1,17,30,5
196,0,0,0,0,0,0,0,0,0,0,75,32,5
197,0,0,0,0,0,0,0,82,4,13,32,14,5
198,0,0,0,0,0,0,81,6,53,2,1,17,5
199,0,0,0,0,0,0,0,9,4,13,32,72,5
200,0,0,0,0,0,0,0,0,78,2,1,17,5
201,0,0,0,0,0,0,0,0,83,2,1,17,5
202,0,0,0,0,0,0,95,6,48,2,1,17,5
203,0,0,0,0,0,0,0,0,0,0,71,17,5
204,0,0,0,0,0,0,0,0,76,10,1,17,5
205,0,0,0,0,0,0,0,0,0,0,99,17,5
206,0,0,0,0,0,0,0,64,106,2,1,17,5
207,0,0,0,0,0,0,0,81,138,2,1,17,5
208,0,0,0,0,0,0,95,6,139,2,1,17,5
209,0,0,0,0,0,0,0,0,0,0,58,32,5
210,0,0,0,0,0,0,128,6,69,2,1,17,5
211,0,0,0,0,0,0,0,0,0,0,12,17,5
212,0,0,0,0,0,0,0,37,2,1,17,30,5
213,0,0,0,0,0,0,189,6,53,2,1,17,5
214,0,0,0,0,0,0,0,0,118,10,1,17,5
215,0,0,0,0,0,0,0,71,74,2,1,17,5
216,0,0,0,0,0,0,0,266,106,2,1,17,5
217,0,0,0,0,0,0,0,83,4,13,32,14,5
218,0,0,0,0,0,0,0,0,0,0,82,17,5
219,0,0,0,0,0,0,0,0,0,0,118,32,5
220,0,0,0,0,0,0,0,75,10,1,17,30,5
221,0,0,0,0,0,0,0,0,0,0,76,17,5
222,0,0,0,0,0,0,0,81,129,2,1,17,5
223,0,0,0,0,0,0,95,6,68,2,1,17,5
224,0,0,0,0,0,0,0,99,4,13,32,100,5
225,0,0,0,0,0,0,0,58,4,1,17,14,5
226,0,0,0,0,0,0,64,6,69,2,1,17,5
227,0,0,0,0,0,0,0,9,138,2,1,17,5
228,0,0,0,0,0,0,0,0,0,0,78,32,5
229,0,0,0,0,0,0,0,128,106,2,1,17,5
230,0,0,0,0,0,0,0,189,2,1,17,30,5
231,0,0,0,0,0,0,0,0,71,6,50,32,5
232,0,0,0,0,0,0,0,81,10,1,17,30,5
233,0,0,0,0,0,0,0,0,0,0,83,17,5
234,0,0,0,0,0,0,95,6,53,2,1,17,5
235,0,0,0,0,0,0,0,0,0,0,37,32,5
236,0,0,0,0,0,0,0,76,4,13,32,14,5
237,0,0,0,0,0,0,0,12,4,13,32,50,5
238,0,0,0,0,0,0,0,75,2,1,17,30,5
239,0,0,0,0,0,0,0,118,4,13,32,72,5
240,0,0,0,0,0,0,0,58,10,1,17,30,5
241,0,0,0,0,0,0,0,82,4,13,32,100,5
242,0,0,0,0,0,0,0,9,32,20,1,35,5
243,0,0,0,0,0,0,0,99,2,1,17,30,5
244,0,0,0,0,0,0,81,6,48,2,1,17,5
245,0,0,0,0,0,0,0,78,129,2,1,17,5
246,0,0,0,0,0,0,0,71,17,20,6,34,5
247,0,0,0,0,0,128,6,50,2,1,17,30,5
248,0,0,0,0,0,0,0,83,4,13,32,14,5
249,0,0,0,0,0,0,0,0,95,6,68,32,5
250,0,0,0,0,0,58,4,1,14,18,1,17,5
251,0,0,0,0,0,0,0,118,4,13,32,50,5
252,0,0,0,0,0,0,0,76,17,20,1,35,5
253,0,0,0,0,0,0,81,6,139,2,1,17,5
254,0,0,0,0,0,75,2,1,17,20,6,48,5
255,0,0,0,0,0,0,0,37,4,1,32,14,5
256,0,0,0,0,9,4,13,32,72,20,1,35,5
257,0,0,0,0,0,0,0,82,116,1,17,30,5
258,0,0,0,0,0,0,0,0,71,6,48,32,5
259,0,0,0,0,0,95,6,53,4,13,32,100,5
260,0,0,0,0,0,0,0,83,10,1,17,30,5
261,0,0,0,0,0,78,10,1,17,20,6,34,5
262,0,0,0,0,0,0,0,12,4,13,32,50,5
263,0,0,0,0,0,0,0,99,32,20,6,35,5
264,0,0,0,0,0,0,0,9,2,1,17,30,5
265,0,0,0,0,0,118,4,1,14,18,1,17,5
266,0,0,0,0,0,0,0,58,17,20,1,34,5
267,0,0,0,0,0,0,82,6,69,2,1,17,5
268,0,0,0,0,0,0,0,75,32,20,1,35,5
269,0,0,0,0,0,81,6,50,2,1,17,30,5
270,0,0,0,0,0,0,0,0,37,10,1,17,5
271,0,0,0,0,76,4,13,32,14,20,6,48,5
272,0,0,0,0,0,0,0,9,17,20,6,34,5
273,0,0,0,0,0,0,0,71,10,1,17,30,5
274,0,0,0,0,0,95,6,68,4,13,32,100,5
275,0,0,0,0,0,0,0,83,17,20,1,35,5
276,0,0,0,0,0,0,0,58,4,1,32,14,5
277,0,0,0,0,0,0,0,0,128,6,69,32,5
278,0,0,0,0,0,0,0,78,17,20,1,34,5
279,0,0,0,0,0,0,0,12,10,1,17,30,5
280,0,0,0,0,0,0,99,6,53,2,1,17,5
281,0,0,0,0,118,4,13,32,50,20,1,35,5
282,0,0,0,0,82,4,1,14,18,1,17,30,5
283,0,0,0,0,0,0,0,81,32,20,6,48,5
284,0,0,0,0,9,4,13,32,72,20,1,34,5
285,0,0,0,0,71,10,1,17,30,18,1,35,5
286,0,0,0,0,0,75,2,1,17,20,1,34,5
287,0,0,0,0,0,37,4,1,14,18,1,17,5
288,0,0,0,0,0,0,0,76,32,20,1,48,5
289,0,0,0,0,0,0,0,58,10,1,17,30,5
290,0,0,0,0,0,0,0,0,95,6,69,32,5
291,0,0,0,0,0,0,0,83,17,20,1,34,5
292,0,0,0,0,0,0,0,78,2,1,17,30,5
293,0,0,0,0,12,4,13,32,14,20,1,35,5
294,0,0,0,0,0,0,0,0,78,2,1,8,6
295,0,0,0,0,0,0,0,71,116,1,8,30,6
296,0,0,0,0,0,0,0,0,0,0,75,33,6
297,0,0,0,0,0,0,0,82,4,13,33,14,6
298,0,0,0,0,0,0,81,6,53,2,1,8,6
299,0,0,0,0,0,0,0,9,4,13,33,72,6
300,0,0,0,0,0,0,0,78,2,1,8,30,6
301,0,0,0,0,0,0,0,0,83,2,1,8,6
302,0,0,0,0,0,0,95,6,48,2,1,8,6
303,0,0,0,0,0,0,0,0,0,0,71,8,6
304,0,0,0,0,0,0,0,0,76,10,1,8,6
305,0,0,0,0,0,0,0,0,0,0,99,8,6
306,0,0,0,0,0,0,0,64,106,2,1,8,6
307,0,0,0,0,0,0,0,81,138,2,1,8,6
308,0,0,0,0,0,0,95,6,139,2,1,8,6
309,0,0,0,0,0,0,0,0,0,0,58,33,6
310,0,0,0,0,0,0,128,6,69,2,1,8,6
311,0,0,0,0,0,0,0,0,0,0,12,8,6
312,0,0,0,0,0,0,0,37,2,1,8,30,6
313,0,0,0,0,0,0,189,6,53,2,1,8,6
314,0,0,0,0,0,0,0,0,118,10,1,8,6
315,0,0,0,0,0,0,0,71,74,2,1,8,6
316,0,0,0,0,0,0,0,266,106,2,1,8,6
317,0,0,0,0,0,0,0,83,4,13,33,14,6
318,0,0,0,0,0,0,0,0,0,0,82,8,6
319,0,0,0,0,0,0,0,0,0,0,118,33,6
320,0,0,0,0,0,0,0,75,10,1,8,30,6
321,0,0,0,0,0,0,0,0,0,0,76,8,6
322,0,0,0,0,0,0,0,81,129,2,1,8,6
323,0,0,0,0,0,0,95,6,68,2,1,8,6
324,0,0,0,0,0,0,0,99,4,13,33,100,6
325,0,0,0,0,0,0,0,58,4,1,8,14,6
326,0,0,0,0,0,0,64,6,69,2,1,8,6
327,0,0,0,0,0,0,0,9,138,2,1,8,6
328,0,0,0,0,0,0,0,0,0,0,78,33,6
329,0,0,0,0,0,0,0,128,106,2,1,8,6
330,0,0,0,0,0,0,0,189,2,1,8,30,6
331,0,0,0,0,0,0,0,0,71,6,50,33,6
332,0,0,0,0,0,0,0,81,10,1,8,30,6
333,0,0,0,0,0,0,0,0,0,0,83,8,6
334,0,0,0,0,0,0,95,6,53,2,1,8,6
335,0,0,0,0,0,0,0,0,0,0,37,33,6
336,0,0,0,0,0,0,0,76,4,13,33,14,6
337,0,0,0,0,0,0,0,12,4,13,33,50,6
338,0,0,0,0,0,0,0,75,2,1,8,30,6
339,0,0,0,0,0,0,0,118,4,13,33,72,6
340,0,0,0,0,0,0,0,58,10,1,8,30,6
341,0,0,0,0,0,0,0,82,4,13,33,100,6
342,0,0,0,0,0,0,0,9,33,20,1,35,6
343,0,0,0,0,0,0,0,99,2,1,8,30,6
344,0,0,0,0,0,0,81,6,48,2,1,8,6
345,0,0,0,0,0,0,0,78,129,2,1,8,6
346,0,0,0,0,0,0,0,71,8,20,6,34,6
347,0,0,0,0,0,128,6,50,2,1,8,30,6
348,0,0,0,0,0,0,0,83,4,13,33,14,6
349,0,0,0,0,0,0,0,0,95,6,68,33,6
350,0,0,0,0,0,0,0,58,4,1,8,14,6
351,0,0,0,0,0,0,0,118,4,13,33,50,6
352,0,0,0,0,0,0,0,76,8,20,1,35,6
353,0,0,0,0,0,0,81,6,139,2,1,8,6
354,0,0,0,0,0,75,2,1,8,20,6,48,6
355,0,0,0,0,0,0,0,37,4,1,33,14,6
356,0,0,0,0,9,4,13,33,72,20,1,35,6
357,0,0,0,0,0,0,0,82,116,1,8,30,6
358,0,0,0,0,0,0,0,0,71,6,48,33,6
359,0,0,0,0,0,95,6,53,4,13,33,100,6
360,0,0,0,0,0,0,0,83,10,1,8,30,6
361,0,0,0,0,0,78,10,1,8,20,6,34,6
362,0,0,0,0,0,0,0,12,4,13,33,50,6
363,0,0,0,0,0,0,0,99,33,20,6,35,6
364,0,0,0,0,0,0,0,9,2,1,8,30,6
365,0,0,0,0,0,118,4,1,14,18,1,8,6
366,0,0,0,0,0,0,0,58,8,20,1,34,6
367,0,0,0,0,0,0,82,6,69,2,1,8,6
368,0,0,0,0,0,0,0,75,33,20,1,35,6
369,0,0,0,0,0,81,6,50,2,1,8,30,6
370,0,0,0,0,0,0,0,0,37,10,1,8,6
371,0,0,0,0,76,4,13,33,14,20,6,48,6
372,0,0,0,0,0,0,0,9,8,20,6,34,6
373,0,0,0,0,0,0,0,71,10,1,8,30,6
374,0,0,0,0,0,95,6,68,4,13,33,100,6
375,0,0,0,0,0,0,0,83,8,20,1,35,6
376,0,0,0,0,0,0,0,58,4,1,33,14,6
377,0,0,0,0,0,0,128,6,69,2,1,8,6
378,0,0,0,0,0,0,0,78,8,20,1,34,6
379,0,0,0,0,0,0,0,12,10,1,8,30,6
380,0,0,0,0,0,0,99,6,53,2,1,8,6
381,0,0,0,0,118,4,13,33,50,20,1,35,6
382,0,0,0,0,82,4,1,14,18,1,8,30,6
383,0,0,0,0,0,0,0,81,33,20,6,48,6
384,0,0,0,0,9,4,13,33,72,20,1,34,6
385,0,0,0,0,71,10,1,8,30,18,1,35,6
386,0,0,0,0,0,75,2,1,8,20,1,34,6
387,0,0,0,0,0,37,4,1,14,18,1,8,6
388,0,0,0,0,0,0,0,76,33,20,1,48,6
389,0,0,0,0,0,0,0,58,10,1,8,30,6
390,0,0,0,0,0,0,0,0,95,6,69,33,6
391,0,0,0,0,0,0,0,83,8,20,1,34,6
392,0,0,0,0,0,0,0,78,2,1,8,30,6
393,0,0,0,0,12,4,13,33,14,20,1,35,6
394,0,0,0,0,0,0,28,11,16,104,1,109,15
395,0,0,0,0,0,0,25,144,4,13,16,79,15
396,0,0,0,0,0,0,36,15,46,59,62,80,15
397,0,0,0,0,0,28,115,16,92,20,173,35,15
398,0,0,0,0,0,0,25,68,24,104,1,174,15
399,0,0,0,0,0,0,111,15,1,16,132,175,15
400,0,0,0,0,0,0,28,65,16,62,148,176,15
401,0,0,0,0,267,140,1,34,4,13,16,79,15
402,0,0,0,0,71,44,15,190,6,48,16,92,15
403,0,0,0,0,28,9,177,213,177,143,214,215,15
404,0,0,0,0,0,0,25,144,16,66,1,22,15
405,0,0,0,0,0,0,28,9,20,1,64,35,15
406,0,0,0,0,0,0,25,166,20,1,64,35,15
407,0,0,0,0,36,15,145,59,62,216,148,217,15
408,0,0,0,0,0,0,28,12,16,116,6,149,15
409,0,0,0,0,0,111,15,158,20,1,150,34,15
410,0,0,0,0,0,0,25,46,16,66,1,151,15
411,0,0,0,28,125,1,109,62,80,17,97,8,15
412,0,0,0,71,74,15,112,92,62,313,74,48,15
413,0,0,0,36,15,46,20,1,16,132,98,34,15
414,0,0,0,0,0,0,28,115,4,13,16,50,15
415,0,0,0,0,0,0,25,68,16,104,1,218,15
416,0,0,0,0,111,15,158,152,2,1,16,35,15
417,0,0,0,0,0,0,25,46,24,10,6,178,15
418,0,0,0,0,0,36,15,46,20,1,16,34,15
419,0,0,0,0,0,0,0,0,0,28,21,153,15
420,0,0,0,0,0,0,25,112,16,20,173,219,15
421,0,0,0,0,0,36,15,145,66,1,16,109,15
422,0,0,0,0,0,0,28,12,16,104,1,220,15
423,0,0,0,0,267,140,1,16,79,20,1,179,15
424,0,0,0,36,15,46,4,13,16,79,62,180,15
425,0,0,0,0,0,0,0,52,74,1,64,48,15
426,0,0,0,0,0,0,28,11,16,104,1,221,15
427,0,0,0,0,0,0,25,144,16,63,1,222,15
428,0,0,0,0,0,36,15,46,16,92,62,223,15
429,0,0,0,0,28,133,2,1,16,132,98,109,15
430,0,0,0,0,0,111,15,140,1,181,79,92,15
431,0,0,0,0,0,0,25,190,6,48,62,176,15
432,0,0,0,0,0,0,0,28,9,16,224,225,15
433,0,0,0,36,15,145,4,13,16,79,62,226,15
434,0,0,0,0,0,0,25,68,16,63,1,182,15
435,0,0,0,0,0,0,0,52,74,1,227,34,15
436,0,0,0,0,0,0,28,9,24,10,1,178,15
437,0,0,0,0,0,0,25,112,16,134,1,183,15
438,0,0,0,0,36,15,144,16,63,1,228,229,15
439,0,0,0,0,0,0,28,9,59,62,80,230,15
440,0,0,0,0,0,111,15,140,1,16,151,92,15
441,0,0,0,0,0,0,25,68,16,154,1,231,15
442,0,0,0,36,15,158,20,1,98,35,62,80,15
443,0,0,0,28,9,4,13,16,79,63,1,184,15
444,0,0,0,0,0,0,25,145,4,13,16,50,15
445,0,0,0,0,0,36,15,112,16,134,1,232,15
446,0,0,0,0,0,0,111,15,190,13,64,48,15
447,0,0,0,0,0,0,25,68,16,63,1,233,15
448,0,0,0,0,0,28,52,152,2,1,16,109,15
449,0,0,0,0,36,15,46,24,66,1,234,34,15
450,0,0,0,0,0,0,0,25,140,1,150,35,15
451,0,0,0,28,11,92,62,110,74,1,16,79,15
452,0,0,0,0,0,111,15,166,20,1,235,48,15
453,0,0,0,0,0,36,15,144,16,66,1,236,15
454,0,0,0,0,0,0,28,9,24,63,1,237,15
455,0,0,0,0,0,0,0,25,145,16,62,238,15
456,0,0,0,0,0,36,15,68,16,134,1,183,15
457,0,0,0,0,28,52,20,1,64,34,62,180,15
458,0,0,0,0,0,0,25,46,153,63,1,185,15
459,0,0,0,0,0,0,28,11,16,10,1,239,15
460,0,0,0,111,15,166,20,1,16,132,175,35,15
461,0,0,0,0,25,140,1,16,79,20,1,240,15
462,0,0,0,0,0,36,15,68,24,2,1,241,15
463,0,0,0,0,0,0,28,52,20,1,16,242,15
464,0,0,0,25,46,4,13,16,79,63,1,243,15
465,0,0,0,0,0,36,15,145,16,154,1,244,15
466,0,0,0,0,28,11,92,62,80,4,148,14,15
467,0,0,0,0,0,111,15,166,2,1,150,151,15
468,0,0,0,0,0,0,25,144,16,66,1,245,15
469,0,0,0,0,0,0,28,12,16,63,1,246,15
470,0,0,0,0,36,15,158,152,2,1,16,174,15
471,0,0,0,0,0,0,25,46,24,63,1,247,15
472,0,0,0,0,0,28,11,16,248,1,98,249,15
473,0,0,111,15,166,20,1,16,48,63,1,250,15
474,0,0,0,36,15,140,1,181,79,20,1,179,15
475,0,0,0,0,0,0,25,190,6,48,16,92,15
476,0,0,0,0,0,0,28,9,24,66,1,251,15
477,0,0,0,0,0,111,15,145,16,154,1,252,15
478,0,0,0,0,0,0,25,68,16,63,1,253,15
479,0,0,36,15,158,20,1,64,35,2,6,149,15
480,0,0,0,0,0,0,28,11,16,66,1,254,15
481,0,0,0,0,0,111,15,144,153,63,1,255,15
482,0,0,0,0,0,0,0,25,46,59,62,256,15
483,0,0,0,36,15,140,1,16,257,63,1,182,15
484,0,0,0,0,0,0,28,12,16,134,1,258,15
485,0,0,0,25,158,20,1,16,109,63,1,185,15
486,0,0,0,0,111,15,46,24,66,1,259,260,15
487,0,0,0,0,36,15,112,16,2,6,261,149,15
488,0,0,0,0,0,0,0,0,0,0,25,119,16
489,0,0,0,0,0,0,0,0,36,15,46,117,16
490,0,0,0,0,0,0,0,0,28,11,4,89,16
491,0,0,0,0,0,0,0,0,0,0,56,314,16
492,0,0,0,0,0,0,0,0,25,268,6,14,16
493,0,0,0,0,0,0,0,0,52,167,143,168,16
494,0,0,0,0,0,0,0,0,0,28,70,54,16
495,0,0,0,0,0,0,0,0,0,0,25,315,16
496,0,0,0,0,0,36,15,46,4,13,67,72,16
497,0,0,0,0,0,0,0,56,201,13,70,54,16
498,0,0,0,0,0,0,0,0,0,25,112,67,16
499,0,0,0,0,0,0,0,52,4,6,60,53,16
500,0,0,0,0,0,0,0,0,0,28,89,48,16
501,0,0,0,0,0,0,0,0,36,15,119,67,16
502,0,0,0,0,0,0,25,46,44,15,1,90,16
503,0,0,0,0,0,0,28,9,4,1,96,14,16
504,0,0,0,0,0,0,0,0,56,202,4,89,16
505,0,0,0,0,0,0,0,0,0,36,15,262,16
506,0,0,0,0,0,0,0,25,46,10,1,136,16
507,0,0,0,0,0,0,0,0,0,28,54,44,16
508,0,0,0,0,0,0,56,112,4,13,67,50,16
509,0,0,0,0,0,25,46,54,15,6,60,53,16
510,0,0,0,0,0,0,0,0,0,28,11,117,16
511,0,0,0,0,0,52,167,143,168,97,9,59,16
512,0,0,0,0,0,0,0,0,0,56,269,54,16
513,0,0,0,0,0,0,0,0,25,316,6,126,16
514,0,0,0,0,0,0,0,28,9,10,1,54,16
515,0,0,0,0,0,0,0,0,36,15,270,54,16
516,0,0,0,0,52,4,6,60,53,97,9,59,16
517,0,0,0,0,0,0,28,9,54,66,1,35,16
518,0,0,0,0,0,25,202,44,15,1,59,14,16
519,0,0,0,0,0,0,0,0,56,268,6,69,16
520,0,0,0,0,0,36,15,119,15,1,60,53,16
521,0,0,0,0,0,0,0,0,0,28,11,54,16
522,0,0,0,0,52,4,6,60,53,97,81,59,16
523,0,0,0,0,0,0,0,25,46,2,1,54,16
524,0,0,0,0,0,0,0,0,0,28,200,54,16
525,0,0,36,15,46,4,1,96,14,15,1,90,16
526,0,0,0,0,0,0,25,119,2,13,137,127,16
527,0,0,0,0,0,0,28,70,4,1,96,14,16
528,0,0,0,0,0,0,56,46,4,13,117,72,16
529,0,0,0,0,0,0,0,25,169,15,1,90,16
530,0,0,0,0,0,52,167,143,168,97,155,264,16
531,0,0,0,0,0,0,0,0,28,51,126,67,16
532,0,0,0,0,0,0,56,112,4,1,89,14,16
533,0,0,0,0,0,36,15,119,15,1,60,105,16
534,0,0,0,0,0,28,70,54,15,1,60,53,16
535,0,0,0,0,0,0,0,25,46,116,1,136,16
536,0,52,4,6,60,53,97,81,44,15,1,90,16
537,0,0,0,0,0,0,28,11,4,13,67,50,16
538,0,0,0,0,0,0,0,0,0,56,169,106,16
539,0,0,0,25,201,13,70,44,15,1,59,14,16
540,0,0,0,0,0,36,15,46,4,1,96,35,16
541,0,0,0,0,0,0,0,25,119,66,1,35,16
542,0,0,0,0,0,28,70,54,15,1,60,127,16
543,0,0,0,0,0,56,112,54,15,1,60,105,16
544,0,0,0,0,0,36,15,46,4,13,117,14,16
545,0,0,0,0,0,0,25,270,44,15,1,90,16
546,0,0,52,167,143,168,97,70,67,20,1,35,16
547,0,0,0,0,0,0,25,119,2,13,156,105,16
548,0,0,0,0,0,28,9,44,15,1,59,50,16
549,0,0,0,0,0,0,56,112,4,1,96,22,16
550,0,0,0,0,0,0,25,119,2,13,137,107,16
551,0,0,0,0,28,9,4,1,14,96,2,59,16
552,52,4,6,60,53,97,155,54,15,1,60,53,16
553,0,0,0,0,0,36,15,169,2,13,186,127,16
554,0,0,0,0,0,25,201,126,4,13,67,72,16
555,0,0,0,0,0,0,28,9,4,1,89,50,16
556,0,0,0,0,0,56,202,54,2,13,137,107,16
557,0,0,0,0,0,0,25,112,44,15,1,90,16
558,0,52,4,6,60,53,97,94,15,1,60,107,16
559,0,0,0,0,0,0,28,9,4,13,117,50,16
560,0,0,0,0,0,0,0,56,119,66,1,34,16
561,0,0,0,0,0,25,93,67,15,1,60,127,16
562,0,0,0,0,0,28,70,44,15,1,59,50,16
563,0,0,0,0,0,0,25,46,4,1,96,48,16
564,0,52,4,6,60,53,97,135,2,13,156,105,16
565,0,0,0,0,0,28,11,54,15,1,60,187,16
566,0,0,0,0,0,0,56,119,2,13,157,127,16
567,0,0,0,0,0,0,25,46,4,13,67,35,16
568,52,4,6,165,53,97,70,54,15,1,165,53,16
569,0,0,0,0,0,0,28,11,4,1,89,48,16
570,0,0,0,25,46,2,1,136,15,1,60,105,16
571,0,52,4,6,60,53,97,94,15,1,60,107,16
572,0,0,0,0,0,36,15,169,2,13,186,107,16
573,0,0,0,0,0,28,51,126,4,1,89,14,16
574,0,0,0,0,0,56,46,44,15,1,90,14,16
575,0,0,0,0,0,0,25,119,66,1,34,265,16
576,0,52,167,143,168,97,70,67,20,1,35,188,16
577,0,0,0,0,0,25,112,54,2,13,137,105,16
578,0,0,0,0,0,0,28,9,4,13,117,72,16
579,0,52,4,6,60,53,97,94,2,13,157,105,16
580,0,0,0,0,0,56,269,54,15,1,165,53,16
581,0,0,0,0,0,0,25,169,2,13,156,107,16
582,0,0,0,0,0,28,51,126,4,1,89,14,16
583,0,0,0,36,15,46,4,1,96,22,15,59,16
584,0,0,0,0,0,0,25,119,66,1,48,188,16
585,52,4,6,60,53,97,70,54,2,13,157,107,16
586,0,0,0,0,0,28,11,44,15,1,59,50,16
587,0,0,0,0,0,0,25,46,4,1,89,35,16
588,0,0,0,0,0,0,0,25,93,2,1,17,17
589,0,0,0,0,0,36,15,110,116,1,17,30,17
590,0,0,0,0,0,0,0,0,0,28,75,32,17
591,0,0,0,0,0,0,82,44,15,13,32,14,17
592,0,0,0,0,0,56,46,6,53,2,1,17,17
593,0,0,0,0,0,0,52,98,18,13,32,72,17
594,0,0,0,0,0,0,0,25,271,2,1,17,17
595,0,0,0,0,0,0,0,28,83,2,1,17,17
596,0,0,0,0,0,56,108,6,48,2,1,17,17
597,0,0,0,0,0,0,0,0,0,25,110,17,17
598,0,0,0,0,0,0,36,15,272,10,1,17,17
599,0,0,0,0,0,0,0,0,0,28,99,17,17
600,0,0,0,0,0,0,25,191,106,2,1,17,17
601,0,0,0,0,0,0,56,93,138,2,1,17,17
602,0,0,0,0,192,15,108,6,139,2,1,17,17
603,0,0,0,0,0,0,0,0,0,25,80,32,17
604,0,0,0,0,36,15,159,6,69,2,1,17,17
605,0,0,0,0,0,0,0,0,273,274,12,17,17
606,0,0,0,0,52,44,15,130,2,1,17,30,17
607,0,0,0,0,0,25,193,6,53,2,1,17,17
608,0,0,0,0,0,0,36,15,101,10,1,17,17
609,0,0,0,0,0,0,28,71,74,2,1,17,17
610,0,0,0,0,0,0,25,275,106,2,1,17,17
611,0,0,0,0,0,0,28,83,4,13,32,14,17
612,0,0,0,0,0,0,0,0,0,56,194,17,17
613,0,0,0,0,0,0,0,0,0,25,101,32,17
614,0,0,0,0,0,0,75,44,15,1,17,30,17
615,0,0,0,0,0,0,0,0,0,28,76,17,17
616,0,0,0,0,0,0,25,93,129,2,1,17,17
617,0,0,0,0,36,15,108,6,68,2,1,17,17
618,0,0,0,0,0,0,28,99,4,13,32,100,17
619,0,0,0,0,0,0,25,80,4,1,17,14,17
620,0,0,0,0,36,15,191,6,69,2,1,17,17
621,0,0,0,0,0,0,25,46,138,2,1,17,17
622,0,0,0,0,0,0,78,44,15,1,32,14,17
623,0,0,0,0,0,0,28,128,106,2,1,17,17
624,0,0,0,0,0,0,56,193,2,1,17,30,17
625,0,0,0,0,0,0,0,28,71,6,50,32,17
626,0,0,0,0,0,0,25,93,10,1,17,30,17
627,0,0,0,0,0,0,0,0,36,15,160,17,17
628,0,0,0,0,0,56,108,6,53,2,1,17,17
629,0,0,0,0,0,0,0,52,44,15,130,32,17
630,0,0,0,0,0,0,28,76,4,13,32,14,17
631,0,0,0,0,0,0,25,68,4,13,32,50,17
632,0,0,0,0,75,44,15,101,4,13,32,72,17
633,0,0,0,0,0,0,56,80,10,1,17,30,17
634,0,0,0,0,0,0,28,82,4,13,32,100,17
635,0,0,0,0,0,0,25,46,32,20,1,35,17
636,0,0,0,0,0,36,15,161,2,1,17,30,17
637,0,0,0,0,0,25,93,6,48,2,1,17,17
638,0,0,0,0,0,78,44,15,1,17,30,129,17
639,0,0,0,0,0,0,0,28,71,6,50,32,17
640,0,0,0,0,25,159,6,69,2,1,17,30,17
641,0,0,0,0,0,0,56,160,4,13,32,14,17
642,0,0,0,0,0,0,192,15,108,6,68,32,17
643,0,0,0,0,28,58,4,1,14,18,1,17,17
644,0,0,0,0,0,0,25,101,4,13,32,50,17
645,0,0,0,0,76,44,15,46,17,20,1,35,17
646,0,0,0,0,36,15,93,6,139,2,1,17,17
647,0,0,0,0,0,75,44,15,130,10,1,17,17
648,0,0,0,25,46,4,13,32,72,20,1,35,17
649,0,0,0,0,0,0,28,82,116,1,17,30,17
650,0,0,0,0,0,0,0,56,110,6,48,32,17
651,0,0,0,0,25,108,6,53,4,13,32,100,17
652,0,0,0,0,0,0,28,83,10,1,17,30,17
653,0,0,0,0,78,44,15,68,17,20,1,34,17
654,0,0,0,0,25,101,4,1,14,18,1,17,17
655,0,0,0,0,0,36,15,80,17,20,1,34,17
656,0,0,0,0,0,25,194,6,69,2,1,17,17
657,0,0,0,0,75,44,15,46,32,20,1,35,17
658,0,0,0,0,56,93,6,50,2,1,17,30,17
659,0,0,0,0,0,52,98,18,130,10,1,17,17
660,0,0,0,28,76,4,13,32,14,20,6,48,17
661,0,0,0,0,0,0,25,46,17,20,6,34,17
662,0,0,0,0,0,36,15,110,10,1,17,30,17
663,0,0,0,0,25,108,6,68,4,13,32,100,17
664,0,0,0,0,0,0,28,83,17,20,1,35,17
665,0,0,0,0,0,0,56,80,4,1,32,14,17
666,0,0,0,0,0,0,0,25,159,6,69,32,17
667,0,0,0,0,78,44,15,46,17,20,6,34,17
668,0,0,0,0,52,98,18,68,10,1,17,30,17
669,0,0,0,0,36,15,161,6,53,2,1,17,17
670,0,0,0,25,101,4,13,32,50,20,1,35,17
671,0,0,0,0,0,0,28,82,10,1,17,30,17
672,0,0,0,0,75,44,15,93,20,1,16,34,17
673,0,0,0,0,0,76,44,15,101,10,1,17,17
674,0,0,0,25,46,4,13,32,72,20,1,34,17
675,0,0,0,28,71,10,1,17,30,18,1,35,17
676,0,0,0,36,15,276,2,1,17,20,1,34,17
677,0,0,0,0,25,130,4,1,14,18,1,17,17
678,0,0,0,0,76,44,15,46,32,20,1,48,17
679,0,0,0,0,0,0,56,80,10,1,17,30,17
680,0,0,0,0,0,0,0,28,95,6,69,32,17
681,0,0,0,0,78,44,15,160,17,20,1,34,17
682,0,0,0,0,0,0,25,68,10,1,17,30,17
683,0,0,0,0,0,36,15,161,10,1,32,14,17
684,0,0,0,25,101,4,13,32,50,20,1,35,17
685,0,0,0,28,82,10,1,17,30,18,1,34,17
686,0,0,0,0,0,0,56,93,129,10,1,17,17
687,0,0,0,0,0,52,98,18,110,6,48,32,17
688,0,0,0,0,0,0,0,25,93,2,1,8,18
689,0,0,0,0,0,36,15,110,116,1,8,30,18
690,0,0,0,0,0,0,0,0,0,28,75,33,18
691,0,0,0,0,0,0,82,44,15,13,33,14,18
692,0,0,0,0,0,56,46,6,53,2,1,8,18
693,0,0,0,0,0,0,52,98,18,13,33,72,18
694,0,0,0,0,0,0,25,271,2,1,8,30,18
695,0,0,0,0,0,0,0,28,83,2,1,8,18
696,0,0,0,0,0,56,108,6,48,2,1,8,18
697,0,0,0,0,0,0,0,0,0,25,110,8,18
698,0,0,0,0,0,0,36,15,272,10,1,8,18
699,0,0,0,0,0,0,0,0,0,28,99,8,18
700,0,0,0,0,0,0,25,191,106,2,1,8,18
701,0,0,0,0,0,0,56,93,138,2,1,8,18
702,0,0,0,0,192,15,108,6,139,2,1,8,18
703,0,0,0,0,0,0,0,0,0,25,80,33,18
704,0,0,0,0,36,15,159,6,69,2,1,8,18
705,0,0,0,0,0,0,0,0,273,274,12,8,18
706,0,0,0,0,52,44,15,130,2,1,8,30,18
707,0,0,0,0,0,25,193,6,53,2,1,8,18
708,0,0,0,0,0,0,36,15,101,10,1,8,18
709,0,0,0,0,0,0,28,71,74,2,1,8,18
710,0,0,0,0,0,0,25,275,106,2,1,8,18
711,0,0,0,0,0,0,28,83,4,13,33,14,18
712,0,0,0,0,0,0,0,0,0,56,194,8,18
713,0,0,0,0,0,0,0,0,0,25,101,33,18
714,0,0,0,0,0,0,75,44,15,1,8,30,18
715,0,0,0,0,0,0,0,0,0,28,76,8,18
716,0,0,0,0,0,0,25,93,129,2,1,8,18
717,0,0,0,0,36,15,108,6,68,2,1,8,18
718,0,0,0,0,0,0,28,99,4,13,33,100,18
719,0,0,0,0,0,0,25,80,4,1,8,14,18
720,0,0,0,0,36,15,191,6,69,2,1,8,18
721,0,0,0,0,0,0,25,46,138,2,1,8,18
722,0,0,0,0,0,0,78,44,15,1,33,14,18
723,0,0,0,0,0,0,28,128,106,2,1,8,18
724,0,0,0,0,0,0,56,193,2,1,8,30,18
725,0,0,0,0,0,0,0,28,71,6,50,33,18
726,0,0,0,0,0,0,25,93,10,1,8,30,18
727,0,0,0,0,0,0,0,0,36,15,160,8,18
728,0,0,0,0,0,56,108,6,53,2,1,8,18
729,0,0,0,0,0,0,0,52,44,15,130,33,18
730,0,0,0,0,0,0,28,76,4,13,33,14,18
731,0,0,0,0,0,0,25,68,4,13,33,50,18
732,0,0,0,0,75,44,15,101,4,13,33,72,18
733,0,0,0,0,0,0,56,80,10,1,8,30,18
734,0,0,0,0,0,0,28,82,4,13,33,100,18
735,0,0,0,0,0,0,25,46,33,20,1,35,18
736,0,0,0,0,0,36,15,161,2,1,8,30,18
737,0,0,0,0,0,25,93,6,48,2,1,8,18
738,0,0,0,0,0,78,44,15,1,8,30,129,18
739,0,0,0,0,0,0,0,28,71,6,50,33,18
740,0,0,0,0,25,159,6,69,2,1,8,30,18
741,0,0,0,0,0,0,56,160,4,13,33,14,18
742,0,0,0,0,0,0,192,15,108,6,68,33,18
743,0,0,0,0,28,58,4,1,14,18,1,8,18
744,0,0,0,0,0,0,25,101,4,13,33,50,18
745,0,0,0,0,76,44,15,46,8,20,1,35,18
746,0,0,0,0,36,15,93,6,139,2,1,8,18
747,0,0,0,0,0,75,44,15,130,10,1,8,18
748,0,0,0,25,46,4,13,33,72,20,1,35,18
749,0,0,0,0,0,0,28,82,116,1,8,30,18
750,0,0,0,0,0,0,0,56,110,6,48,33,18
751,0,0,0,0,25,108,6,53,4,13,33,100,18
752,0,0,0,0,0,0,28,83,10,1,8,30,18
753,0,0,0,0,78,44,15,68,8,20,1,34,18
754,0,0,0,0,25,101,4,1,14,18,1,8,18
755,0,0,0,0,0,36,15,80,8,20,1,34,18
756,0,0,0,0,0,25,194,6,69,2,1,8,18
757,0,0,0,0,75,44,15,46,33,20,1,35,18
758,0,0,0,0,56,93,6,50,2,1,8,30,18
759,0,0,0,0,0,52,98,18,130,10,1,8,18
760,0,0,0,28,76,4,13,33,14,20,6,48,18
761,0,0,0,0,0,0,25,46,8,20,6,34,18
762,0,0,0,0,0,36,15,110,10,1,8,30,18
763,0,0,0,0,25,108,6,68,4,13,33,100,18
764,0,0,0,0,0,0,28,83,8,20,1,35,18
765,0,0,0,0,0,0,56,80,4,1,33,14,18
766,0,0,0,0,0,0,0,25,159,6,69,33,18
767,0,0,0,0,78,44,15,46,8,20,6,34,18
768,0,0,0,0,52,98,18,68,10,1,8,30,18
769,0,0,0,0,36,15,161,6,53,2,1,8,18
770,0,0,0,25,101,4,13,33,50,20,1,35,18
771,0,0,0,0,0,0,28,82,10,1,8,30,18
772,0,0,0,0,75,44,15,93,20,1,16,34,18
773,0,0,0,0,0,76,44,15,101,10,1,8,18
774,0,0,0,25,46,4,13,33,72,20,1,34,18
775,0,0,0,28,71,10,1,8,30,18,1,35,18
776,0,0,0,36,15,276,2,1,8,20,1,34,18
777,0,0,0,0,25,130,4,1,14,18,1,8,18
778,0,0,0,0,76,44,15,46,33,20,1,48,18
779,0,0,0,0,0,0,56,80,10,1,8,30,18
780,0,0,0,0,0,0,0,28,95,6,69,33,18
781,0,0,0,0,78,44,15,160,8,20,1,34,18
782,0,0,0,0,0,0,25,68,10,1,8,30,18
783,0,0,0,0,0,36,15,161,10,1,33,14,18
784,0,0,0,25,101,4,13,33,50,20,1,35,18
785,0,0,0,28,82,10,1,8,30,18,1,34,18
786,0,0,0,0,0,0,56,93,129,10,1,8,18
787,0,0,0,0,0,52,98,18,110,6,48,33,18
788,0,0,0,0,0,0,0,0,0,0,11,203,1
789,0,0,0,0,0,0,0,0,0,0,9,54,2
790,0,0,0,0,0,0,0,0,58,2,1,17,5
791,0,0,0,0,0,0,0,0,0,0,12,8,6
792,0,0,0,0,0,0,0,0,0,0,0,277,8
793,0,0,0,0,0,0,0,0,0,0,0,204,9
794,0,0,0,0,0,0,0,0,0,0,146,141,12
795,0,0,0,0,0,0,0,0,0,0,162,141,13
796,0,0,0,0,0,0,0,0,0,0,0,146,1
797,0,0,0,0,0,0,0,0,0,0,0,162,2
798,0,0,0,0,0,0,0,0,20,1,195,163,1
799,0,0,0,0,0,0,0,0,0,0,0,20,1
800,0,0,0,0,0,0,0,0,0,0,0,102,1
801,0,0,0,0,0,0,0,0,278,1,195,163,1
802,0,0,0,0,0,0,0,0,0,102,1,163,1
803,0,0,0,0,0,0,0,0,0,0,279,102,1
804,0,0,0,0,0,0,0,0,0,0,0,146,1
805,0,0,0,0,0,0,0,0,0,0,131,196,1
806,0,0,0,0,0,0,0,0,0,0,317,196,1
807,0,0,0,0,0,0,0,0,0,0,0,205,1
808,0,0,0,0,0,0,0,102,46,1,77,59,3
809,0,0,0,0,0,0,0,0,0,0,102,46,3
810,0,0,0,0,0,0,0,0,9,1,77,59,3
811,0,0,0,0,0,0,0,0,318,1,77,59,3
812,0,0,0,0,0,0,0,0,170,1,77,59,3
813,0,0,0,0,0,0,0,0,0,280,1,77,3
814,0,0,0,0,0,0,0,0,0,281,1,77,3
815,0,0,0,0,0,0,0,0,0,205,1,77,3
816,0,0,0,0,0,0,0,0,0,280,77,69,3
817,0,0,0,0,0,0,0,0,0,146,1,206,1
818,0,0,0,0,0,0,0,0,0,207,2,102,1
819,0,0,0,0,0,0,0,0,0,0,131,20,1
820,0,0,0,0,0,0,0,0,171,2,13,102,1
821,0,0,0,0,0,0,0,0,0,0,11,203,1
822,0,0,0,0,0,0,0,0,0,0,9,90,1
823,0,0,0,0,0,0,0,0,0,102,9,59,1
824,0,0,0,0,0,0,0,0,0,102,9,67,1
825,0,0,0,0,0,0,0,0,0,0,319,74,3
826,0,0,0,0,0,0,0,0,0,0,11,320,3
827,0,0,0,0,0,0,0,0,0,0,321,322,3
828,0,0,0,0,0,0,0,0,171,2,13,323,4
829,0,0,0,0,0,0,0,0,0,0,0,282,2
830,0,0,0,0,0,0,0,0,0,0,283,284,1
831,0,0,0,0,0,0,0,0,0,0,0,285,1
832,0,0,0,0,0,0,0,0,0,0,0,286,1
833,0,0,0,0,0,0,0,0,0,0,287,288,2
834,0,0,0,0,0,0,0,0,0,131,74,289,2
835,0,0,0,0,0,0,0,0,0,0,197,290,2
836,0,0,0,0,0,0,0,0,171,2,13,103,2
837,0,0,0,0,0,0,0,0,0,0,0,291,2
838,0,0,0,0,0,0,0,0,0,0,324,72,2
839,0,0,0,0,0,0,0,0,0,0,0,292,2
840,0,0,0,0,0,0,0,0,0,0,0,293,2
841,0,0,0,0,0,0,0,0,0,0,0,294,2
842,0,0,0,0,0,0,0,0,0,0,58,295,2
843,0,0,0,0,0,0,0,0,0,0,0,184,2
844,0,0,0,0,0,0,0,0,0,0,296,103,2
845,0,0,0,0,0,0,0,0,172,74,1,77,2
846,0,0,0,0,0,0,0,0,0,0,172,74,2
847,0,0,0,0,0,0,0,0,0,0,131,104,2
848,0,0,0,0,0,0,0,0,0,0,208,209,2
849,0,0,0,0,0,0,0,0,0,0,297,103,2
850,0,0,0,0,0,0,0,0,0,0,0,103,2
851,0,0,0,0,0,0,0,0,0,0,58,74,2
852,0,0,0,0,0,0,0,0,0,103,1,77,2
853,0,0,0,0,0,0,0,0,0,0,0,198,2
854,0,0,0,0,0,0,0,0,0,0,0,74,2
855,0,0,0,0,0,0,0,0,0,131,298,299,2
856,0,0,0,0,0,0,0,0,0,0,207,198,2
857,0,0,0,0,0,0,0,0,103,300,1,187,2
858,0,0,0,0,0,0,0,0,0,0,0,301,2
859,0,0,0,0,0,0,0,0,0,0,210,53,2
860,0,0,0,0,0,0,0,0,0,197,1,170,2
861,0,0,0,0,0,0,0,0,0,162,1,206,2
862,0,0,0,0,0,0,0,0,0,0,9,59,2
863,0,0,0,0,0,0,0,0,0,0,0,277,2
864,0,0,0,0,0,0,0,0,58,2,1,8,2
865,0,0,0,0,0,0,0,0,0,0,0,204,2
866,0,0,0,0,0,0,0,0,0,0,146,141,13
867,0,0,0,0,0,0,0,0,0,0,58,17,6
868,0,0,0,0,0,0,0,0,0,0,0,103,8
869,0,0,0,0,0,0,0,0,0,58,20,141,13
870,0,0,0,0,0,0,0,0,0,0,11,67,5
871,0,0,0,0,0,0,0,0,0,0,131,196,1
872,0,0,0,0,0,0,0,0,0,58,74,141,14
873,0,0,0,0,0,0,0,0,0,102,1,325,1
874,0,0,0,0,0,0,0,0,0,0,58,8,7
875,0,0,0,0,0,0,0,0,0,0,302,104,10
876,0,0,0,0,0,0,0,0,0,0,0,146,1
877,0,0,0,0,0,0,0,0,0,0,0,162,3
878,0,0,0,0,0,0,0,0,20,1,195,163,1
879,0,0,0,0,0,0,0,0,0,0,0,20,1
880,0,0,0,0,0,0,0,0,0,0,0,102,1
881,0,0,0,0,0,0,0,0,278,1,195,163,1
882,0,0,0,0,0,0,0,0,0,102,1,163,1
883,0,0,0,0,0,0,0,0,0,0,279,102,1
884,0,0,0,0,0,0,0,0,0,0,0,205,1
885,0,0,0,0,0,0,0,0,0,0,131,20,1
886,0,0,0,0,0,0,0,0,171,2,13,102,1
887,0,0,0,0,0,0,0,0,0,0,11,203,4
888,0,0,0,0,0,0,0,0,0,0,9,90,4
889,0,0,0,0,0,0,0,0,0,102,9,59,4
890,0,0,0,0,0,0,0,0,0,102,9,67,5
891,0,0,0,0,0,0,0,0,0,0,0,282,3
892,0,0,0,0,0,0,0,0,0,0,283,284,3
893,0,0,0,0,0,0,0,0,0,0,0,285,3
894,0,0,0,0,0,0,0,0,0,0,0,286,3
895,0,0,0,0,0,0,0,0,0,0,287,288,3
896,0,0,0,0,0,0,0,0,0,131,74,289,3
897,0,0,0,0,0,0,0,0,0,0,197,290,3
898,0,0,0,0,0,0,0,0,171,2,13,103,3
899,0,0,0,0,0,0,0,0,0,0,0,291,3
900,0,0,0,0,0,0,0,0,0,0,0,292,3
901,0,0,0,0,0,0,0,0,0,0,0,293,3
902,0,0,0,0,0,0,0,0,0,0,0,294,3
903,0,0,0,0,0,0,0,0,0,0,58,295,3
904,0,0,0,0,0,0,0,0,0,0,0,184,3
905,0,0,0,0,0,0,0,0,0,0,296,103,3
906,0,0,0,0,0,0,0,0,172,74,1,77,3
907,0,0,0,0,0,0,0,0,0,0,172,74,3
908,0,0,0,0,0,0,0,0,0,0,131,104,3
909,0,0,0,0,0,0,0,0,0,0,208,209,3
910,0,0,0,0,0,0,0,0,0,0,297,103,3
911,0,0,0,0,0,0,0,0,0,0,0,103,3
912,0,0,0,0,0,0,0,0,0,0,58,74,3
913,0,0,0,0,0,0,0,0,0,103,1,77,3
914,0,0,0,0,0,0,0,0,0,0,0,198,3
915,0,0,0,0,0,0,0,0,0,0,0,74,3
916,0,0,0,0,0,0,0,0,0,131,298,299,3
917,0,0,0,0,0,0,0,0,0,0,207,198,3
918,0,0,0,0,0,0,0,0,103,300,1,187,3
919,0,0,0,0,0,0,0,0,0,0,0,301,3
920,0,0,0,0,0,0,0,0,0,0,210,53,3
921,0,0,0,0,0,0,0,0,0,197,1,170,3
922,0,0,0,0,0,0,0,0,0,162,1,206,3
923,0,0,0,0,0,0,0,0,0,0,21,59,4
924,0,0,0,0,0,0,0,0,0,0,9,92,4
925,0,0,0,0,0,0,0,0,0,0,170,326,4
926,0,0,0,0,0,0,0,0,0,0,115,16,4
927,0,0,0,0,0,0,0,0,0,133,112,59,4
928,0,0,0,0,0,0,0,0,0,9,4,89,5
929,0,0,0,0,0,0,0,0,0,0,170,54,5
930,0,0,0,0,0,0,0,0,0,51,13,17,6
931,0,0,0,0,0,0,0,0,0,0,303,17,6
932,0,0,0,0,0,0,0,58,2,1,17,30,6
933,0,0,0,0,0,0,0,0,29,13,17,58,6
934,0,0,0,0,0,0,0,0,0,51,13,8,7
935,0,0,0,0,0,0,0,0,0,0,303,8,7
936,0,0,0,0,0,0,0,58,2,1,8,30,7
937,0,0,0,0,0,0,0,0,29,13,8,58,7
938,0,0,0,0,0,0,0,0,0,0,0,327,8
939,0,0,0,0,0,0,0,0,0,0,200,26,8
940,0,0,0,0,0,0,0,0,0,0,11,328,9
941,0,0,0,0,0,0,0,0,0,0,304,199,9
942,0,0,0,0,0,0,0,0,0,0,329,199,10
943,0,0,0,0,0,0,0,0,0,0,0,204,10
944,0,0,0,0,0,0,0,0,0,0,302,104,10
945,0,0,0,0,0,0,0,0,0,0,11,330,10
946,0,0,0,0,0,0,0,0,0,0,146,141,13
947,0,0,0,0,0,0,0,0,58,20,1,141,13
948,0,0,0,0,0,0,0,0,172,20,1,211,13
949,0,0,0,0,0,0,0,0,331,196,1,109,13
950,0,0,0,0,0,0,0,0,0,0,162,141,14
951,0,0,0,0,0,0,0,0,9,1,77,59,4
952,0,0,0,0,0,164,1,60,14,18,1,77,4
953,0,0,0,0,0,0,0,0,9,1,77,59,4
954,0,0,0,0,0,0,0,0,9,1,77,67,5
955,0,0,0,0,0,0,0,0,58,1,77,17,6
956,0,0,0,0,0,0,0,0,58,1,77,8,7
957,0,0,0,0,0,0,0,0,103,1,77,332,8
958,0,0,0,0,0,0,0,0,0,103,1,77,8
959,0,0,0,0,103,1,77,132,9,2,1,30,8
960,0,0,0,0,0,0,304,1,199,18,1,77,9
961,0,0,0,0,0,0,333,1,199,18,1,77,10
962,0,0,0,0,0,0,0,0,58,20,1,211,13
963,0,0,0,0,0,0,0,0,58,74,1,211,14
964,0,0,0,0,0,0,0,0,0,0,58,334,14
965,0,0,0,0,0,0,0,0,0,58,305,17,11
966,0,0,0,0,0,0,0,0,0,58,305,8,12
967,0,0,0,0,0,0,0,0,0,0,99,59,4
968,0,0,0,0,0,0,0,0,0,0,99,67,5
969,0,0,0,0,0,0,0,0,0,0,210,306,8
970,0,0,0,0,0,0,0,0,0,0,335,306,1
971,0,0,0,0,0,0,0,0,0,0,0,208,8
972,0,0,0,0,0,0,0,0,0,0,0,209,8
973,0,0,0,0,0,0,0,336,1,77,337,338,14
974,0,0,0,0,0,0,281,1,307,2,339,69,8
975,0,0,0,0,0,0,340,1,307,2,341,69,4
976,0,0,0,0,0,0,0,0,11,2,1,38,19
977,0,0,0,0,0,0,0,0,21,2,1,38,19
978,0,0,0,0,0,0,0,0,9,2,1,38,19
979,0,0,0,0,0,0,0,0,12,2,1,38,19
980,0,0,0,0,0,0,0,0,23,2,1,38,19
981,0,0,0,0,0,0,0,0,65,2,1,38,19
982,0,0,0,0,0,0,29,6,22,2,1,38,19
983,0,0,0,0,0,0,0,0,37,2,1,38,19
984,0,0,0,0,0,0,0,0,11,10,1,38,19
985,0,0,0,0,0,0,0,0,12,10,1,38,19
986,0,0,0,0,0,0,0,0,9,10,1,38,19
987,0,0,0,0,0,0,0,0,23,10,1,38,19
988,0,0,0,0,0,0,0,0,21,10,1,38,19
989,0,0,0,0,0,0,29,6,22,10,1,38,19
990,0,0,0,0,0,0,45,6,22,2,1,38,19
991,0,0,0,0,0,0,0,12,24,2,1,38,19
992,0,0,0,0,0,0,51,13,84,2,1,38,19
993,0,0,0,0,0,0,0,0,85,2,1,38,19
994,0,0,0,0,0,0,0,0,86,2,1,38,19
995,0,0,0,0,0,0,0,0,87,2,1,38,19
996,0,0,0,0,0,0,0,0,88,2,1,38,19
997,0,0,0,0,0,11,4,1,14,18,1,38,19
998,0,0,0,0,0,23,4,1,14,18,1,38,19
999,0,0,0,0,0,9,4,1,14,18,1,38,19
1000,0,0,0,0,0,12,4,1,14,18,1,38,19
1001,0,0,0,0,0,21,4,1,14,18,1,38,19
1002,0,0,0,0,0,0,0,0,0,45,1,38,19
1003,0,0,0,0,0,0,0,0,0,61,1,38,19
1004,0,0,0,0,0,0,0,12,26,2,1,38,19
1005,0,0,0,0,0,0,0,9,26,2,1,38,19
1006,0,0,0,0,0,0,0,23,26,2,1,38,19
1007,0,0,0,0,0,29,6,22,26,2,1,38,19
1008,0,0,0,0,0,0,0,37,26,2,1,38,19
1009,0,0,0,0,0,0,0,11,16,2,1,38,19
1010,0,0,0,0,0,0,0,11,24,2,1,38,19
1011,0,0,0,0,0,0,0,11,49,2,1,38,19
1012,0,0,0,0,0,0,0,21,24,2,1,38,19
1013,0,0,0,0,0,0,0,12,16,2,1,38,19
1014,0,0,0,0,0,0,0,11,8,2,1,38,19
1015,0,0,0,0,0,0,0,23,24,2,1,38,19
1016,0,0,0,0,0,0,0,9,24,2,1,38,19
1017,0,0,0,0,0,0,0,12,8,2,1,38,19
1018,0,0,0,0,0,0,0,12,49,2,1,38,19
1019,0,0,0,0,0,0,0,21,49,2,1,38,19
1020,0,0,0,0,0,0,0,23,8,2,1,38,19
1021,0,0,0,0,0,0,0,9,8,2,1,38,19
1022,0,0,0,0,0,0,0,21,8,2,1,38,19
1023,0,0,0,0,0,0,29,13,113,73,1,38,19
1024,0,0,0,0,0,51,13,64,34,2,1,38,19
1025,0,0,0,0,0,0,45,6,22,2,1,38,19
1026,0,0,0,0,0,0,61,6,22,2,1,38,19
1027,0,0,0,0,0,0,0,0,0,114,1,38,19
1028,0,0,0,0,0,0,0,0,120,73,1,38,19
1029,0,0,0,0,0,0,0,0,0,121,1,38,19
1030,0,0,0,0,0,0,0,0,122,2,1,38,19
1031,0,0,0,0,0,0,0,0,0,123,1,38,19
1032,0,0,0,0,0,0,29,6,22,2,1,57,19
1033,0,0,0,0,0,0,0,0,12,2,1,57,19
1034,0,0,0,0,0,0,0,0,9,2,1,57,19
1035,0,0,0,0,0,0,0,0,23,2,1,57,19
1036,0,0,0,0,0,0,0,0,65,2,1,57,19
1037,0,0,0,0,0,0,0,0,11,2,1,57,19
1038,0,0,0,0,0,0,0,0,21,2,1,57,19
1039,0,0,0,0,0,0,0,0,37,2,1,57,19
1040,0,0,0,0,0,0,0,0,11,10,1,57,19
1041,0,0,0,0,0,0,0,0,12,10,1,57,19
1042,0,0,0,0,0,0,0,0,9,10,1,57,19
1043,0,0,0,0,0,0,0,0,23,10,1,57,19
1044,0,0,0,0,0,0,0,0,21,10,1,57,19
1045,0,0,0,0,0,0,29,6,22,10,1,57,19
1046,0,0,0,0,0,0,45,6,22,2,1,57,19
1047,0,0,0,0,0,0,0,12,24,2,1,57,19
1048,0,0,0,0,0,0,51,13,84,2,1,57,19
1049,0,0,0,0,0,0,0,0,85,2,1,57,19
1050,0,0,0,0,0,0,0,0,86,2,1,57,19
1051,0,0,0,0,0,0,0,0,87,2,1,57,19
1052,0,0,0,0,0,0,0,0,88,2,1,57,19
1053,0,0,0,0,0,11,4,1,14,18,1,57,19
1054,0,0,0,0,0,23,4,1,14,18,1,57,19
1055,0,0,0,0,0,9,4,1,14,18,1,57,19
1056,0,0,0,0,0,12,4,1,14,18,1,57,19
1057,0,0,0,0,0,21,4,1,14,18,1,57,19
1058,0,0,0,0,0,0,0,0,0,45,1,57,19
1059,0,0,0,0,0,0,0,0,0,61,1,57,19
1060,0,0,0,0,0,0,0,12,26,2,1,57,19
1061,0,0,0,0,0,0,0,9,26,2,1,57,19
1062,0,0,0,0,0,0,0,23,26,2,1,57,19
1063,0,0,0,0,0,29,6,22,26,2,1,57,19
1064,0,0,0,0,0,0,0,37,26,2,1,57,19
1065,0,0,0,0,0,0,0,11,16,2,1,57,19
1066,0,0,0,0,0,0,0,11,24,2,1,57,19
1067,0,0,0,0,0,0,0,11,49,2,1,57,19
1068,0,0,0,0,0,0,0,21,24,2,1,57,19
1069,0,0,0,0,0,0,0,12,16,2,1,57,19
1070,0,0,0,0,0,0,0,11,8,2,1,57,19
1071,0,0,0,0,0,0,0,23,24,2,1,57,19
1072,0,0,0,0,0,0,0,9,24,2,1,57,19
1073,0,0,0,0,0,0,0,12,8,2,1,57,19
1074,0,0,0,0,0,0,0,11,2,1,5,3,19
1075,0,0,0,0,0,0,0,21,2,1,5,3,19
1076,0,0,0,0,0,0,0,9,2,1,5,3,19
1077,0,0,0,0,0,0,0,12,2,1,5,3,19
1078,0,0,0,0,0,0,0,23,2,1,5,3,19
1079,0,0,0,0,0,0,0,65,2,1,5,3,19
1080,0,0,0,0,0,29,6,22,2,1,5,3,19
1081,0,0,0,0,0,0,0,37,2,1,5,3,19
1082,0,0,0,0,0,0,0,11,10,1,5,3,19
1083,0,0,0,0,0,0,0,12,10,1,5,3,19
1084,0,0,0,0,0,0,0,9,10,1,5,3,19
1085,0,0,0,0,0,0,0,23,10,1,5,3,19
1086,0,0,0,0,0,0,0,21,10,1,5,3,19
1087,0,0,0,0,0,29,6,22,10,1,5,3,19
1088,0,0,0,0,0,45,6,22,2,1,5,3,19
1089,0,0,0,0,0,0,12,24,2,1,5,3,19
1090,0,0,0,0,0,51,13,84,2,1,5,3,19
1091,0,0,0,0,0,0,0,85,2,1,5,3,19
1092,0,0,0,0,0,0,0,86,2,1,5,3,19
1093,0,0,0,0,0,0,0,87,2,1,5,3,19
1094,0,0,0,0,0,0,0,88,2,1,5,3,19
1095,0,0,0,0,11,4,1,14,18,1,5,3,19
1096,0,0,0,0,23,4,1,14,18,1,5,3,19
1097,0,0,0,0,9,4,1,14,18,1,5,3,19
1098,0,0,0,0,12,4,1,14,18,1,5,3,19
1099,0,0,0,0,21,4,1,14,18,1,5,3,19
1100,0,0,0,0,0,0,0,0,45,1,5,3,19
1101,0,0,0,0,0,0,0,0,61,1,5,3,19
1102,0,0,0,0,0,0,12,26,2,1,5,3,19
1103,0,0,0,0,0,0,9,26,2,1,5,3,19
1104,0,0,0,0,0,0,23,26,2,1,5,3,19
1105,0,0,0,0,29,6,22,26,2,1,5,3,19
1106,0,0,0,0,0,0,37,26,2,1,5,3,19
1107,0,0,0,0,0,0,11,16,2,1,5,3,19
1108,0,0,0,0,0,0,11,24,2,1,5,3,19
1109,0,0,0,0,0,0,11,49,2,1,5,3,19
1110,0,0,0,0,0,0,21,24,2,1,5,3,19
1111,0,0,0,0,0,0,12,16,2,1,5,3,19
1112,0,0,0,0,0,0,11,8,2,1,5,3,19
1113,0,0,0,0,0,0,23,24,2,1,5,3,19
1114,0,0,0,0,0,0,9,24,2,1,5,3,19
1115,0,0,0,0,0,0,12,8,2,1,5,3,19
1116,0,0,0,0,0,0,12,49,2,1,5,3,19
1117,0,0,0,0,0,0,21,49,2,1,5,3,19
1118,0,0,0,0,0,0,23,8,2,1,5,3,19
1119,0,0,0,0,0,0,9,8,2,1,5,3,19
1120,0,0,0,0,0,0,21,8,2,1,5,3,19
1121,0,0,0,0,0,29,13,113,73,1,5,3,19
1122,0,0,0,0,51,13,64,34,2,1,5,3,19
1123,0,0,0,0,0,45,6,22,2,1,5,3,19
1124,0,0,0,0,0,61,6,22,2,1,5,3,19
1125,0,0,0,0,0,0,0,0,114,1,5,3,19
1126,0,0,0,0,0,0,0,120,73,1,5,3,19
1127,0,0,0,0,0,0,0,0,121,1,5,3,19
1128,0,0,0,0,0,0,0,122,2,1,5,3,19
1129,0,0,0,0,0,0,0,0,123,1,5,3,19
1130,0,0,0,0,0,0,0,11,2,1,7,3,19
1131,0,0,0,0,0,0,0,21,2,1,7,3,19
1132,0,0,0,0,0,0,0,9,2,1,7,3,19
1133,0,0,0,0,0,0,0,12,2,1,7,3,19
1134,0,0,0,0,0,0,0,23,2,1,7,3,19
1135,0,0,0,0,0,0,0,65,2,1,7,3,19
1136,0,0,0,0,0,29,6,22,2,1,7,3,19
1137,0,0,0,0,0,0,0,37,2,1,7,3,19
1138,0,0,0,0,0,0,0,11,10,1,7,3,19
1139,0,0,0,0,0,0,0,12,10,1,7,3,19
1140,0,0,0,0,0,0,0,9,10,1,7,3,19
1141,0,0,0,0,0,0,0,23,10,1,7,3,19
1142,0,0,0,0,0,0,0,21,10,1,7,3,19
1143,0,0,0,0,0,29,6,22,10,1,7,3,19
1144,0,0,0,0,0,45,6,22,2,1,7,3,19
1145,0,0,0,0,0,0,12,24,2,1,7,3,19
1146,0,0,0,0,0,51,13,84,2,1,7,3,19
1147,0,0,0,0,0,0,0,85,2,1,7,3,19
1148,0,0,0,0,0,0,0,86,2,1,7,3,19
1149,0,0,0,0,0,0,0,87,2,1,7,3,19
1150,0,0,0,0,0,0,0,88,2,1,7,3,19
1151,0,0,0,0,11,4,1,14,18,1,7,3,19
1152,0,0,0,0,23,4,1,14,18,1,7,3,19
1153,0,0,0,0,9,4,1,14,18,1,7,3,19
1154,0,0,0,0,12,4,1,14,18,1,7,3,19
1155,0,0,0,0,21,4,1,14,18,1,7,3,19
1156,0,0,0,0,0,0,0,0,45,1,7,3,19
1157,0,0,0,0,0,0,0,0,61,1,7,3,19
1158,0,0,0,0,0,0,12,26,2,1,7,3,19
1159,0,0,0,0,0,0,9,26,2,1,7,3,19
1160,0,0,0,0,0,0,23,26,2,1,7,3,19
1161,0,0,0,0,29,6,22,26,2,1,7,3,19
1162,0,0,0,0,0,0,37,26,2,1,7,3,19
1163,0,0,0,0,0,0,11,16,2,1,7,3,19
1164,0,0,0,0,0,0,11,24,2,1,7,3,19
1165,0,0,0,0,0,0,11,49,2,1,7,3,19
1166,0,0,0,0,0,0,21,24,2,1,7,3,19
1167,0,0,0,0,0,0,12,16,2,1,7,3,19
1168,0,0,0,0,0,0,11,8,2,1,7,3,19
1169,0,0,0,0,0,0,23,24,2,1,7,3,19
1170,0,0,0,0,0,0,9,24,2,1,7,3,19
1171,0,0,0,0,0,0,12,8,2,1,7,3,19
1172,0,0,0,0,0,0,0,0,11,2,1,27,19
1173,0,0,0,0,0,0,0,0,21,2,1,27,19
1174,0,0,0,0,0,0,0,0,9,2,1,27,19
1175,0,0,0,0,0,0,0,0,12,2,1,27,19
1176,0,0,0,0,0,0,0,0,23,2,1,27,19
1177,0,0,0,0,0,0,0,0,65,2,1,27,19
1178,0,0,0,0,0,0,29,6,22,2,1,27,19
1179,0,0,0,0,0,0,0,0,37,2,1,27,19
1180,0,0,0,0,0,0,0,0,11,10,1,27,19
1181,0,0,0,0,0,0,0,0,12,10,1,27,19
1182,0,0,0,0,0,0,0,0,9,10,1,27,19
1183,0,0,0,0,0,0,0,0,23,10,1,27,19
1184,0,0,0,0,0,0,0,0,21,10,1,27,19
1185,0,0,0,0,0,0,29,6,22,10,1,27,19
1186,0,0,0,0,0,0,45,6,22,2,1,27,19
1187,0,0,0,0,0,0,0,12,24,2,1,27,19
1188,0,0,0,0,0,0,51,13,84,2,1,27,19
1189,0,0,0,0,0,0,0,0,85,2,1,27,19
1190,0,0,0,0,0,0,0,0,86,2,1,27,19
1191,0,0,0,0,0,0,0,0,87,2,1,27,19
1192,0,0,0,0,0,0,0,0,88,2,1,27,19
1193,0,0,0,0,0,11,4,1,14,18,1,27,19
1194,0,0,0,0,0,23,4,1,14,18,1,27,19
1195,0,0,0,0,0,9,4,1,14,18,1,27,19
1196,0,0,0,0,0,12,4,1,14,18,1,27,19
1197,0,0,0,0,0,21,4,1,14,18,1,27,19
1198,0,0,0,0,0,0,0,0,0,45,1,27,19
1199,0,0,0,0,0,0,0,0,0,61,1,27,19
1200,0,0,0,0,0,0,0,12,26,2,1,27,19
1201,0,0,0,0,0,0,0,9,26,2,1,27,19
1202,0,0,0,0,0,0,0,23,26,2,1,27,19
1203,0,0,0,0,0,29,6,22,26,2,1,27,19
1204,0,0,0,0,0,0,0,37,26,2,1,27,19
1205,0,0,0,0,0,0,0,11,16,2,1,27,19
1206,0,0,0,0,0,0,0,11,24,2,1,27,19
1207,0,0,0,0,0,0,0,11,49,2,1,27,19
1208,0,0,0,0,0,0,0,21,24,2,1,27,19
1209,0,0,0,0,0,0,0,12,16,2,1,27,19
1210,0,0,0,0,0,0,0,11,8,2,1,27,19
1211,0,0,0,0,0,0,0,23,24,2,1,27,19
1212,0,0,0,0,0,0,0,9,24,2,1,27,19
1213,0,0,0,0,0,0,0,12,8,2,1,27,19
1214,0,0,0,0,0,0,0,11,2,1,31,3,19
1215,0,0,0,0,0,0,0,21,2,1,31,3,19
1216,0,0,0,0,0,0,0,9,2,1,31,3,19
1217,0,0,0,0,0,0,0,12,2,1,31,3,19
1218,0,0,0,0,0,0,0,23,2,1,31,3,19
1219,0,0,0,0,0,0,0,65,2,1,31,3,19
1220,0,0,0,0,0,29,6,22,2,1,31,3,19
1221,0,0,0,0,0,0,0,37,2,1,31,3,19
1222,0,0,0,0,0,0,0,11,10,1,31,3,19
1223,0,0,0,0,0,0,0,12,10,1,31,3,19
1224,0,0,0,0,0,0,0,9,10,1,31,3,19
1225,0,0,0,0,0,0,0,23,10,1,31,3,19
1226,0,0,0,0,0,0,0,21,10,1,31,3,19
1227,0,0,0,0,0,29,6,22,10,1,31,3,19
1228,0,0,0,0,0,45,6,22,2,1,31,3,19
1229,0,0,0,0,0,0,12,24,2,1,31,3,19
1230,0,0,0,0,0,51,13,84,2,1,31,3,19
1231,0,0,0,0,0,0,0,85,2,1,31,3,19
1232,0,0,0,0,0,0,0,86,2,1,31,3,19
1233,0,0,0,0,0,0,0,87,2,1,31,3,19
1234,0,0,0,0,0,0,0,88,2,1,31,3,19
1235,0,0,0,0,11,4,1,14,18,1,31,3,19
1236,0,0,0,0,0,0,0,11,2,1,5,3,19
1237,0,0,0,0,0,0,0,21,2,1,5,3,19
1238,0,0,0,0,0,0,0,9,2,1,5,3,19
1239,0,0,0,0,0,0,0,12,2,1,5,3,19
1240,0,0,0,0,0,0,0,23,2,1,5,3,19
1241,0,0,0,0,0,0,0,65,2,1,5,3,19
1242,0,0,0,0,0,29,6,22,2,1,5,3,19
1243,0,0,0,0,0,0,0,37,2,1,5,3,19
1244,0,0,0,0,0,0,0,11,10,1,5,3,19
1245,0,0,0,0,0,0,0,12,10,1,5,3,19
1246,0,0,0,0,0,0,0,9,10,1,5,3,19
1247,0,0,0,0,0,0,0,23,10,1,5,3,19
1248,0,0,0,0,0,0,0,21,10,1,5,3,19
1249,0,0,0,0,0,29,6,22,10,1,5,3,19
1250,0,0,0,0,0,45,6,22,2,1,5,3,19
1251,0,0,0,0,0,0,12,24,2,1,5,3,19
1252,0,0,0,0,0,51,13,84,2,1,5,3,19
1253,0,0,0,0,0,0,0,85,2,1,5,3,19
1254,0,0,0,0,0,0,0,86,2,1,5,3,19
1255,0,0,0,0,0,0,0,87,2,1,5,3,19
1256,0,0,0,0,0,0,0,88,2,1,5,3,19
1257,0,0,0,0,11,4,1,14,18,1,5,3,19
1258,0,0,0,0,23,4,1,14,18,1,5,3,19
1259,0,0,0,0,9,4,1,14,18,1,5,3,19
1260,0,0,0,0,12,4,1,14,18,1,5,3,19
1261,0,0,0,0,21,4,1,14,18,1,5,3,19
1262,0,0,0,0,0,0,0,0,45,1,5,3,19
1263,0,0,0,0,0,0,0,0,61,1,5,3,19
1264,0,0,0,0,0,0,12,26,2,1,5,3,19
1265,0,0,0,0,0,0,9,26,2,1,5,3,19
1266,0,0,0,0,0,0,23,26,2,1,5,3,19
1267,0,0,0,0,29,6,22,26,2,1,5,3,19
1268,0,0,0,0,0,0,37,26,2,1,5,3,19
1269,0,0,0,0,0,0,11,16,2,1,5,3,19
1270,0,0,0,0,0,0,11,24,2,1,5,3,19
1271,0,0,0,0,0,0,11,49,2,1,5,3,19
1272,0,0,0,0,0,0,21,24,2,1,5,3,19
1273,0,0,0,0,0,0,12,16,2,1,5,3,19
1274,0,0,0,0,0,0,11,8,2,1,5,3,19
1275,0,0,0,0,0,0,23,24,2,1,5,3,19
1276,0,0,0,0,0,0,9,24,2,1,5,3,19
1277,0,0,0,0,0,0,12,8,2,1,5,3,19
1278,0,0,0,0,0,0,12,49,2,1,5,3,19
1279,0,0,0,0,0,0,21,49,2,1,5,3,19
1280,0,0,0,0,0,0,23,8,2,1,5,3,19
1281,0,0,0,0,0,0,9,8,2,1,5,3,19
1282,0,0,0,0,0,0,21,8,2,1,5,3,19
1283,0,0,0,0,0,29,13,113,73,1,5,3,19
1284,0,0,0,0,51,13,64,34,2,1,5,3,19
1285,0,0,0,0,0,45,6,22,2,1,5,3,19
1286,0,0,0,0,0,61,6,22,2,1,5,3,19
1287,0,0,0,0,0,0,0,0,114,1,5,3,19
1288,0,0,0,0,0,0,0,120,73,1,5,3,19
1289,0,0,0,0,0,0,0,0,121,1,5,3,19
1290,0,0,0,0,0,0,0,122,2,1,5,3,19
1291,0,0,0,0,0,0,0,0,123,1,5,3,19
1292,0,0,0,0,0,0,0,21,2,1,142,3,19
1293,0,0,0,0,0,0,0,12,2,1,142,3,19
1294,0,0,0,0,0,0,0,37,2,1,142,3,19
1295,0,0,0,0,0,29,6,22,2,1,142,3,19
1296,0,0,0,0,0,0,0,11,2,1,5,91,19
1297,0,0,0,0,0,0,0,23,2,1,5,91,19
1298,0,0,0,0,0,0,0,65,2,1,5,91,19
1299,0,0,0,0,0,0,0,11,2,1,5,19,19
1300,0,0,0,0,0,0,0,21,2,1,5,19,19
1301,0,0,0,0,0,0,0,9,2,1,5,19,19
1302,0,0,0,0,0,0,0,12,2,1,5,19,19
1303,0,0,0,0,0,0,0,23,2,1,5,19,19
1304,0,0,0,0,0,0,0,65,2,1,5,19,19
1305,0,0,0,0,0,29,6,22,2,1,5,19,19
1306,0,0,0,0,0,0,0,37,2,1,5,19,19
1307,0,0,0,0,0,0,0,11,10,1,5,19,19
1308,0,0,0,0,0,0,0,12,10,1,5,19,19
1309,0,0,0,0,0,0,0,9,10,1,5,19,19
1310,0,0,0,0,0,0,0,23,10,1,5,19,19
1311,0,0,0,0,0,0,0,21,10,1,5,19,19
1312,0,0,0,0,0,29,6,22,10,1,5,19,19
1313,0,0,0,0,0,45,6,22,2,1,5,19,19
1314,0,0,0,0,0,0,12,24,2,1,5,19,19
1315,0,0,0,0,0,51,13,84,2,1,5,19,19
1316,0,0,0,0,0,0,0,85,2,1,5,19,19
1317,0,0,0,0,0,0,0,86,2,1,5,19,19
1318,0,0,0,0,0,0,0,87,2,1,5,19,19
1319,0,0,0,0,0,0,0,88,2,1,5,19,19
1320,0,0,0,0,11,4,1,14,18,1,5,19,19
1321,0,0,0,0,23,4,1,14,18,1,5,19,19
1322,0,0,0,0,9,4,1,14,18,1,5,19,19
1323,0,0,0,0,12,4,1,14,18,1,5,19,19
1324,0,0,0,0,21,4,1,14,18,1,5,19,19
1325,0,0,0,0,0,0,0,0,45,1,5,19,19
1326,0,0,0,0,0,0,0,0,61,1,5,19,19
1327,0,0,0,0,0,0,12,26,2,1,5,19,19
1328,0,0,0,0,0,0,9,26,2,1,5,19,19
1329,0,0,0,0,0,0,23,26,2,1,5,19,19
1330,0,0,0,0,29,6,22,26,2,1,5,19,19
1331,0,0,0,0,0,0,37,26,2,1,5,19,19
1332,0,0,0,0,0,0,11,16,2,1,5,19,19
1333,0,0,0,0,0,0,11,24,2,1,5,19,19
1334,0,0,0,0,0,0,11,49,2,1,5,19,19
1335,0,0,0,0,0,0,21,24,2,1,5,19,19
1336,0,0,0,0,0,0,12,16,2,1,5,19,19
1337,0,0,0,0,0,0,11,8,2,1,5,19,19
1338,0,0,0,0,0,0,23,24,2,1,5,19,19
1339,0,0,0,0,0,0,9,24,2,1,5,19,19
1340,0,0,0,0,0,0,12,8,2,1,5,19,19
1341,0,0,0,0,0,0,12,49,2,1,5,19,19
1342,0,0,0,0,0,0,0,11,2,1,7,3,19
1343,0,0,0,0,0,0,0,21,2,1,7,3,19
1344,0,0,0,0,0,0,0,9,2,1,7,3,19
1345,0,0,0,0,0,0,0,12,2,1,7,3,19
1346,0,0,0,0,0,0,0,23,2,1,7,3,19
1347,0,0,0,0,0,0,0,65,2,1,7,3,19
1348,0,0,0,0,0,29,6,22,2,1,7,3,19
1349,0,0,0,0,0,0,0,37,2,1,7,3,19
1350,0,0,0,0,0,0,0,11,10,1,7,3,19
1351,0,0,0,0,0,0,0,12,10,1,7,3,19
1352,0,0,0,0,0,0,0,9,10,1,7,3,19
1353,0,0,0,0,0,0,0,23,10,1,7,3,19
1354,0,0,0,0,0,0,0,21,10,1,7,3,19
1355,0,0,0,0,0,29,6,22,10,1,7,3,19
1356,0,0,0,0,0,45,6,22,2,1,7,3,19
1357,0,0,0,0,0,0,12,24,2,1,7,3,19
1358,0,0,0,0,0,51,13,84,2,1,7,3,19
1359,0,0,0,0,0,0,0,85,2,1,7,3,19
1360,0,0,0,0,0,0,0,86,2,1,7,3,19
1361,0,0,0,0,0,0,0,87,2,1,7,3,19
1362,0,0,0,0,0,0,0,88,2,1,7,3,19
1363,0,0,0,0,11,4,1,14,18,1,7,3,19
1364,0,0,0,0,23,4,1,14,18,1,7,3,19
1365,0,0,0,0,9,4,1,14,18,1,7,3,19
1366,0,0,0,0,12,4,1,14,18,1,7,3,19
1367,0,0,0,0,21,4,1,14,18,1,7,3,19
1368,0,0,0,0,0,0,0,0,45,1,7,3,19
1369,0,0,0,0,0,0,0,0,61,1,7,3,19
1370,0,0,0,0,0,0,12,26,2,1,7,3,19
1371,0,0,0,0,0,0,9,26,2,1,7,3,19
1372,0,0,0,0,0,0,23,26,2,1,7,3,19
1373,0,0,0,0,29,6,22,26,2,1,7,3,19
1374,0,0,0,0,0,0,37,26,2,1,7,3,19
1375,0,0,0,0,0,0,11,16,2,1,7,3,19
1376,0,0,0,0,0,0,11,24,2,1,7,3,19
1377,0,0,0,0,0,0,11,49,2,1,7,3,19
1378,0,0,0,0,0,0,21,24,2,1,7,3,19
1379,0,0,0,0,0,0,12,16,2,1,7,3,19
1380,0,0,0,0,0,0,11,8,2,1,7,3,19
1381,0,0,0,0,0,0,23,24,2,1,7,3,19
1382,0,0,0,0,0,0,9,24,2,1,7,3,19
1383,0,0,0,0,0,0,12,8,2,1,7,3,19
1384,0,0,0,0,0,0,12,49,2,1,7,3,19
1385,0,0,0,0,0,0,21,49,2,1,7,3,19
1386,0,0,0,0,0,0,23,8,2,1,7,3,19
1387,0,0,0,0,0,0,9,8,2,1,7,3,19
1388,0,0,0,0,0,0,21,8,2,1,7,3,19
1389,0,0,0,0,0,29,13,113,73,1,7,3,19
1390,0,0,0,0,51,13,64,34,2,1,7,3,19
1391,0,0,0,0,0,45,6,22,2,1,7,3,19
1392,0,0,0,0,0,61,6,22,2,1,7,3,19
1393,0,0,0,0,0,0,0,0,114,1,7,3,19
1394,0,0,0,0,0,0,0,120,73,1,7,3,19
1395,0,0,0,0,0,0,0,0,121,1,7,3,19
1396,0,0,0,0,0,0,0,11,2,1,5,3,19
1397,0,0,0,0,0,0,0,21,2,1,5,3,19
1398,0,0,0,0,0,0,0,9,2,1,5,3,19
1399,0,0,0,0,0,0,0,12,2,1,5,3,19
1400,0,0,0,0,0,0,0,23,2,1,5,3,19
1401,0,0,0,0,0,0,0,65,2,1,5,3,19
1402,0,0,0,0,0,29,6,22,2,1,5,3,19
1403,0,0,0,0,0,0,0,37,2,1,5,3,19
1404,0,0,0,0,0,0,0,11,10,1,5,3,19
1405,0,0,0,0,0,0,0,12,10,1,5,3,19
1406,0,0,0,0,0,0,0,9,10,1,5,3,19
1407,0,0,0,0,0,0,0,23,10,1,5,3,19
1408,0,0,0,0,0,0,0,21,10,1,5,3,19
1409,0,0,0,0,0,29,6,22,10,1,5,3,19
1410,0,0,0,0,0,45,6,22,2,1,5,3,19
1411,0,0,0,0,0,0,12,24,2,1,5,3,19
1412,0,0,0,0,0,51,13,84,2,1,5,3,19
1413,0,0,0,0,0,0,0,85,2,1,5,3,19
1414,0,0,0,0,0,0,0,86,2,1,5,3,19
1415,0,0,0,0,0,0,0,87,2,1,5,3,19
1416,0,0,0,0,0,0,0,88,2,1,5,3,19
1417,0,0,0,0,11,4,1,14,18,1,5,3,19
1418,0,0,0,0,23,4,1,14,18,1,5,3,19
1419,0,0,0,0,9,4,1,14,18,1,5,3,19
1420,0,0,0,0,12,4,1,14,18,1,5,3,19
1421,0,0,0,0,21,4,1,14,18,1,5,3,19
1422,0,0,0,0,0,0,0,0,45,1,5,3,19
1423,0,0,0,0,0,0,0,0,61,1,5,3,19
1424,0,0,0,0,0,0,12,26,2,1,5,3,19
1425,0,0,0,0,0,0,9,26,2,1,5,3,19
1426,0,0,0,0,0,0,23,26,2,1,5,3,19
1427,0,0,0,0,29,6,22,26,2,1,5,3,19
1428,0,0,0,0,0,0,37,26,2,1,5,3,19
1429,0,0,0,0,0,0,11,16,2,1,5,3,19
1430,0,0,0,0,0,0,11,24,2,1,5,3,19
1431,0,0,0,0,0,0,11,49,2,1,5,3,19
1432,0,0,0,0,0,0,21,24,2,1,5,3,19
1433,0,0,0,0,0,0,12,16,2,1,5,3,19
1434,0,0,0,0,0,0,11,8,2,1,5,3,19
1435,0,0,0,0,0,0,23,24,2,1,5,3,19
1436,0,0,0,0,0,0,9,24,2,1,5,3,19
1437,0,0,0,0,0,0,12,8,2,1,5,3,19
1438,0,0,0,0,0,0,12,49,2,1,5,3,19
1439,0,0,0,0,0,0,21,49,2,1,5,3,19
1440,0,0,0,0,0,0,23,8,2,1,5,3,19
1441,0,0,0,0,0,0,9,8,2,1,5,3,19
1442,0,0,0,0,0,0,21,8,2,1,5,3,19
1443,0,0,0,0,0,29,13,113,73,1,5,3,19
1444,0,0,0,0,51,13,64,34,2,1,5,3,19
1445,0,0,0,0,0,45,6,22,2,1,5,3,19
1446,0,0,0,0,0,61,6,22,2,1,5,3,19
1447,0,0,0,0,0,0,0,0,114,1,5,3,19
1448,0,0,0,0,0,0,0,120,73,1,5,3,19
1449,0,0,0,0,0,0,0,0,121,1,5,3,19
1450,0,0,0,0,0,0,0,122,2,1,5,3,19
1451,0,0,0,0,0,0,0,0,123,1,5,3,19
1452,0,0,0,0,0,0,0,21,2,1,142,3,19
1453,0,0,0,0,0,0,0,12,2,1,142,3,19
1454,0,0,0,0,0,0,0,37,2,1,142,3,19
1455,0,0,0,0,0,29,6,22,2,1,142,3,19
1456,0,0,0,0,0,0,0,11,2,1,5,91,19
1457,0,0,0,0,0,0,0,23,2,1,5,91,19
1458,0,0,0,0,0,0,0,65,2,1,5,91,19
1459,0,0,0,0,0,0,0,11,2,1,5,19,19
1460,0,0,0,0,0,0,0,21,2,1,5,19,19
1461,0,0,0,0,0,0,0,9,2,1,5,19,19
1462,0,0,0,0,0,0,0,12,2,1,5,19,19
1463,0,0,0,0,0,0,0,23,2,1,5,19,19
1464,0,0,0,0,0,0,0,65,2,1,5,19,19
1465,0,0,0,0,0,29,6,22,2,1,5,19,19
1466,0,0,0,0,0,0,0,37,2,1,5,19,19
1467,0,0,0,0,0,0,0,11,10,1,5,19,19
1468,0,0,0,0,0,0,0,12,10,1,5,19,19
1469,0,0,0,0,0,0,0,9,10,1,5,19,19
1470,0,0,0,0,0,0,0,23,10,1,5,19,19
1471,0,0,0,0,0,0,0,21,10,1,5,19,19
1472,0,0,0,0,0,29,6,22,10,1,5,19,19
1473,0,0,0,0,0,45,6,22,2,1,5,19,19
1474,0,0,0,0,0,0,12,24,2,1,5,19,19
1475,0,0,0,0,0,51,13,84,2,1,5,19,19
1476,0,0,0,0,0,0,0,85,2,1,5,19,19
1477,0,0,0,0,0,0,0,86,2,1,5,19,19
1478,0,0,0,0,0,0,0,87,2,1,5,19,19
1479,0,0,0,0,0,0,0,88,2,1,5,19,19
1480,0,0,0,0,11,4,1,14,18,1,5,19,19
1481,0,0,0,0,23,4,1,14,18,1,5,19,19
1482,0,0,0,0,9,4,1,14,18,1,5,19,19
1483,0,0,0,0,12,4,1,14,18,1,5,19,19
1484,0,0,0,0,21,4,1,14,18,1,5,19,19
1485,0,0,0,0,0,0,0,0,45,1,5,19,19
1486,0,0,0,0,0,0,0,0,61,1,5,19,19
1487,0,0,0,0,0,0,12,26,2,1,5,19,19
1488,0,0,0,0,0,0,9,26,2,1,5,19,19
1489,0,0,0,0,0,0,23,26,2,1,5,19,19
1490,0,0,0,0,29,6,22,26,2,1,5,19,19
1491,0,0,0,0,0,0,37,26,2,1,5,19,19
1492,0,0,0,0,0,0,11,16,2,1,5,19,19
1493,0,0,0,0,0,0,11,24,2,1,5,19,19
1494,0,0,0,0,0,0,11,49,2,1,5,19,19
1495,0,0,0,0,0,0,21,24,2,1,5,19,19
1496,0,0,0,0,0,0,12,16,2,1,5,19,19
1497,0,0,0,0,0,0,11,8,2,1,5,19,19
1498,0,0,0,0,0,0,23,24,2,1,5,19,19
1499,0,0,0,0,0,0,9,24,2,1,5,19,19
1500,0,0,0,0,0,0,12,8,2,1,5,19,19
1501,0,0,0,0,0,0,12,49,2,1,5,19,19
1502,0,0,0,0,0,0,0,11,2,1,7,3,19
1503,0,0,0,0,0,0,0,21,2,1,7,3,19
1504,0,0,0,0,0,0,0,9,2,1,7,3,19
1505,0,0,0,0,0,0,0,12,2,1,7,3,19
1506,0,0,0,0,0,0,0,23,2,1,7,3,19
1507,0,0,0,0,0,0,0,65,2,1,7,3,19
1508,0,0,0,0,0,29,6,22,2,1,7,3,19
1509,0,0,0,0,0,0,0,37,2,1,7,3,19
1510,0,0,0,0,0,0,0,11,10,1,7,3,19
1511,0,0,0,0,0,0,0,12,10,1,7,3,19
1512,0,0,0,0,0,0,0,9,10,1,7,3,19
1513,0,0,0,0,0,0,0,23,10,1,7,3,19
1514,0,0,0,0,0,0,0,21,10,1,7,3,19
1515,0,0,0,0,0,29,6,22,10,1,7,3,19
1516,0,0,0,0,0,45,6,22,2,1,7,3,19
1517,0,0,0,0,0,0,12,24,2,1,7,3,19
1518,0,0,0,0,0,51,13,84,2,1,7,3,19
1519,0,0,0,0,0,0,0,85,2,1,7,3,19
1520,0,0,0,0,0,0,0,86,2,1,7,3,19
1521,0,0,0,0,0,0,0,87,2,1,7,3,19
1522,0,0,0,0,0,0,0,88,2,1,7,3,19
1523,0,0,0,0,11,4,1,14,18,1,7,3,19
1524,0,0,0,0,23,4,1,14,18,1,7,3,19
1525,0,0,0,0,9,4,1,14,18,1,7,3,19
1526,0,0,0,0,12,4,1,14,18,1,7,3,19
1527,0,0,0,0,21,4,1,14,18,1,7,3,19
1528,0,0,0,0,0,0,0,0,45,1,7,3,19
1529,0,0,0,0,0,0,0,0,61,1,7,3,19
1530,0,0,0,0,0,0,12,26,2,1,7,3,19
1531,0,0,0,0,0,0,9,26,2,1,7,3,19
1532,0,0,0,0,0,0,23,26,2,1,7,3,19
1533,0,0,0,0,29,6,22,26,2,1,7,3,19
1534,0,0,0,0,0,0,37,26,2,1,7,3,19
1535,0,0,0,0,0,0,11,16,2,1,7,3,19
1536,0,0,0,0,0,0,11,24,2,1,7,3,19
1537,0,0,0,0,0,0,11,49,2,1,7,3,19
1538,0,0,0,0,0,0,21,24,2,1,7,3,19
1539,0,0,0,0,0,0,12,16,2,1,7,3,19
1540,0,0,0,0,0,0,11,8,2,1,7,3,19
1541,0,0,0,0,0,0,23,24,2,1,7,3,19
1542,0,0,0,0,0,0,9,24,2,1,7,3,19
1543,0,0,0,0,0,0,12,8,2,1,7,3,19
1544,0,0,0,0,0,0,12,49,2,1,7,3,19
1545,0,0,0,0,0,0,21,49,2,1,7,3,19
1546,0,0,0,0,0,0,23,8,2,1,7,3,19
1547,0,0,0,0,0,0,9,8,2,1,7,3,19
1548,0,0,0,0,0,0,21,8,2,1,7,3,19
1549,0,0,0,0,0,29,13,113,73,1,7,3,19
1550,0,0,0,0,51,13,64,34,2,1,7,3,19
1551,0,0,0,0,0,45,6,22,2,1,7,3,19
1552,0,0,0,0,0,61,6,22,2,1,7,3,19
1553,0,0,0,0,0,0,0,0,114,1,7,3,19
1554,0,0,0,0,0,0,0,120,73,1,7,3,19
1555,0,0,0,0,0,0,0,0,121,1,7,3,19
1556,0,0,0,0,0,0,0,122,2,1,7,3,19
1557,0,0,0,0,0,0,0,0,123,1,7,3,19
1558,0,0,0,0,0,0,0,21,2,1,7,3,19
1559,0,0,0,0,0,0,0,12,2,1,7,3,19
1560,0,0,0,0,0,0,0,37,2,1,7,3,19
1561,0,0,0,0,0,29,6,22,2,1,7,3,19
1562,0,0,0,0,0,0,0,11,2,1,7,91,19
1563,0,0,0,0,0,0,0,23,2,1,7,91,19
1564,0,0,0,0,0,0,0,65,2,1,7,91,19
1565,0,0,0,0,0,0,0,11,2,1,7,19,19
1566,0,0,0,0,0,0,0,21,2,1,7,19,19
1567,0,0,0,0,0,0,0,9,2,1,7,19,19
1568,0,0,0,0,0,0,0,12,2,1,7,19,19
1569,0,0,0,0,0,0,0,23,2,1,7,19,19
1570,0,0,0,0,0,0,0,65,2,1,7,19,19
1571,0,0,0,0,0,29,6,22,2,1,7,19,19
1572,0,0,0,0,0,0,0,37,2,1,7,19,19
1573,0,0,0,0,0,0,0,11,10,1,7,19,19
1574,0,0,0,0,0,0,0,12,10,1,7,19,19
1575,0,0,0,0,0,0,0,9,10,1,7,19,19
1576,0,0,0,0,0,0,0,23,10,1,7,19,19
1577,0,0,0,0,0,0,0,21,10,1,7,19,19
1578,0,0,0,0,0,29,6,22,10,1,7,19,19
1579,0,0,0,0,0,45,6,22,2,1,7,19,19
1580,0,0,0,0,0,0,12,24,2,1,7,19,19
1581,0,0,0,0,0,51,13,84,2,1,7,19,19
1582,0,0,0,0,0,0,0,85,2,1,7,19,19
1583,0,0,0,0,0,0,0,86,2,1,7,19,19
1584,0,0,0,0,0,0,0,87,2,1,7,19,19
1585,0,0,0,0,0,0,0,88,2,1,7,19,19
1586,0,0,0,0,11,4,1,14,18,1,7,19,19
1587,0,0,0,0,23,4,1,14,18,1,7,19,19
1588,0,0,0,0,9,4,1,14,18,1,7,19,19
1589,0,0,0,0,12,4,1,14,18,1,7,19,19
1590,0,0,0,0,21,4,1,14,18,1,7,19,19
1591,0,0,0,0,0,0,0,0,45,1,7,19,19
1592,0,0,0,0,0,0,0,0,61,1,7,19,19
1593,0,0,0,0,0,0,12,26,2,1,7,19,19
1594,0,0,0,0,0,0,9,26,2,1,7,19,19
1595,0,0,0,0,0,0,23,26,2,1,7,19,19
1596,0,0,0,0,29,6,22,26,2,1,7,19,19
1597,0,0,0,0,0,0,37,26,2,1,7,19,19
1598,0,0,0,0,0,0,11,16,2,1,7,19,19
1599,0,0,0,0,0,0,11,24,2,1,7,19,19
1600,0,0,0,0,0,0,11,49,2,1,7,19,19
1601,0,0,0,0,0,0,21,24,2,1,7,19,19
1602,0,0,0,0,0,0,12,16,2,1,7,19,19
1603,0,0,0,0,0,0,11,8,2,1,7,19,19
1604,0,0,0,0,0,0,23,24,2,1,7,19,19
1605,0,0,0,0,0,0,9,24,2,1,7,19,19
1606,0,0,0,0,0,0,12,8,2,1,7,19,19
1607,0,0,0,0,0,0,12,49,2,1,7,19,19
1608,0,0,0,0,0,0,0,11,2,1,7,55,19
1609,0,0,0,0,0,0,0,21,2,1,7,55,19
1610,0,0,0,0,0,0,0,9,2,1,7,55,19
1611,0,0,0,0,0,0,0,12,2,1,7,55,19
1612,0,0,0,0,0,0,0,23,2,1,7,55,19
1613,0,0,0,0,0,0,0,65,2,1,7,55,19
1614,0,0,0,0,0,29,6,22,2,1,7,55,19
1615,0,0,0,0,0,0,0,37,2,1,7,55,19
1616,0,0,0,0,0,0,0,11,10,1,7,55,19
1617,0,0,0,0,0,0,0,12,10,1,7,55,19
1618,0,0,0,0,0,0,0,9,10,1,7,55,19
1619,0,0,0,0,0,0,0,23,10,1,7,55,19
1620,0,0,0,0,0,0,0,21,10,1,7,55,19
1621,0,0,0,0,0,29,6,22,10,1,7,55,19
1622,0,0,0,0,0,45,6,22,2,1,7,55,19
1623,0,0,0,0,0,0,12,24,2,1,7,55,19
1624,0,0,0,0,0,51,13,84,2,1,7,55,19
1625,0,0,0,0,0,0,0,85,2,1,7,55,19
1626,0,0,0,0,0,0,0,86,2,1,7,55,19
1627,0,0,0,0,0,0,0,87,2,1,7,55,19
1628,0,0,0,0,0,0,0,88,2,1,7,55,19
1629,0,0,0,0,11,4,1,14,18,1,7,55,19
1630,0,0,0,0,23,4,1,14,18,1,7,55,19
1631,0,0,0,0,9,4,1,14,18,1,7,55,19
1632,0,0,0,0,12,4,1,14,18,1,7,55,19
1633,0,0,0,0,21,4,1,14,18,1,7,55,19
1634,0,0,0,0,0,0,0,0,45,1,7,55,19
1635,0,0,0,0,0,0,0,0,61,1,7,55,19
1636,0,0,0,0,0,0,12,26,2,1,7,55,19
1637,0,0,0,0,0,0,9,26,2,1,7,55,19
1638,0,0,0,0,0,0,23,26,2,1,7,55,19
1639,0,0,0,0,29,6,22,26,2,1,7,55,19
1640,0,0,0,0,0,0,37,26,2,1,7,55,19
1641,0,0,0,0,0,0,11,16,2,1,7,55,19
1642,0,0,0,0,0,0,11,24,2,1,7,55,19
1643,0,0,0,0,0,0,11,49,2,1,7,55,19
1644,0,0,0,0,0,0,21,24,2,1,7,55,19
1645,0,0,0,0,0,0,12,16,2,1,7,55,19
1646,0,0,0,0,0,0,11,8,2,1,7,55,19
1647,0,0,0,0,0,0,23,24,2,1,7,55,19
1648,0,0,0,0,0,0,9,24,2,1,7,55,19
1649,0,0,0,0,0,0,12,8,2,1,7,55,19
1650,0,0,0,0,0,0,12,49,2,1,7,55,19
1651,0,0,0,0,0,0,0,0,11,2,1,27,19
1652,0,0,0,0,0,0,0,0,21,2,1,27,19
1653,0,0,0,0,0,0,0,0,9,2,1,27,19
1654,0,0,0,0,0,0,0,0,12,2,1,27,19
1655,0,0,0,0,0,0,0,0,23,2,1,27,19
1656,0,0,0,0,0,0,0,0,65,2,1,27,19
1657,0,0,0,0,0,0,29,6,22,2,1,27,19
1658,0,0,0,0,0,0,0,0,37,2,1,27,19
1659,0,0,0,0,0,0,0,0,11,10,1,27,19
1660,0,0,0,0,0,0,0,0,12,10,1,27,19
1661,0,0,0,0,0,0,0,0,9,10,1,27,19
1662,0,0,0,0,0,0,0,0,23,10,1,27,19
1663,0,0,0,0,0,0,0,0,21,10,1,27,19
1664,0,0,0,0,0,0,29,6,22,10,1,27,19
1665,0,0,0,0,0,0,45,6,22,2,1,27,19
1666,0,0,0,0,0,0,0,12,24,2,1,27,19
1667,0,0,0,0,0,0,51,13,84,2,1,27,19
1668,0,0,0,0,0,0,0,0,85,2,1,27,19
1669,0,0,0,0,0,0,0,0,86,2,1,27,19
1670,0,0,0,0,0,0,0,0,87,2,1,27,19
1671,0,0,0,0,0,0,0,0,88,2,1,27,19
1672,0,0,0,0,0,11,4,1,14,18,1,27,19
1673,0,0,0,0,0,23,4,1,14,18,1,27,19
1674,0,0,0,0,0,9,4,1,14,18,1,27,19
1675,0,0,0,0,0,12,4,1,14,18,1,27,19
1676,0,0,0,0,0,21,4,1,14,18,1,27,19
1677,0,0,0,0,0,0,0,0,0,45,1,27,19
1678,0,0,0,0,0,0,0,0,0,61,1,27,19
1679,0,0,0,0,0,0,0,12,26,2,1,27,19
1680,0,0,0,0,0,0,0,9,26,2,1,27,19
1681,0,0,0,0,0,0,0,23,26,2,1,27,19
1682,0,0,0,0,0,29,6,22,26,2,1,27,19
1683,0,0,0,0,0,0,0,37,26,2,1,27,19
1684,0,0,0,0,0,0,0,11,16,2,1,27,19
1685,0,0,0,0,0,0,0,11,24,2,1,27,19
1686,0,0,0,0,0,0,0,11,49,2,1,27,19
1687,0,0,0,0,0,0,0,21,24,2,1,27,19
1688,0,0,0,0,0,0,0,12,16,2,1,27,19
1689,0,0,0,0,0,0,0,11,8,2,1,27,19
1690,0,0,0,0,0,0,0,23,24,2,1,27,19
1691,0,0,0,0,0,0,0,9,24,2,1,27,19
1692,0,0,0,0,0,0,0,12,8,2,1,27,19
1693,0,0,0,0,0,0,0,12,49,2,1,27,19
1694,0,0,0,0,0,0,0,21,49,2,1,27,19
1695,0,0,0,0,0,0,0,23,8,2,1,27,19
1696,0,0,0,0,0,0,0,9,8,2,1,27,19
1697,0,0,0,0,0,0,0,21,8,2,1,27,19
1698,0,0,0,0,0,0,29,13,113,73,1,27,19
1699,0,0,0,0,0,51,13,64,34,2,1,27,19
1700,0,0,0,0,0,0,45,6,22,2,1,27,19
1701,0,0,0,0,0,0,61,6,22,2,1,27,19
1702,0,0,0,0,0,0,0,0,0,114,1,27,19
1703,0,0,0,0,0,0,0,0,120,73,1,27,19
1704,0,0,0,0,0,0,0,0,0,121,1,27,19
1705,0,0,0,0,0,0,0,0,122,2,1,27,19
1706,0,0,0,0,0,0,0,0,0,123,1,27,19
1707,0,0,0,0,0,0,0,21,2,1,90,147,19
1708,0,0,0,0,0,0,0,12,2,1,90,147,19
1709,0,0,0,0,0,0,0,37,2,1,90,147,19
1710,0,0,0,0,0,29,6,22,2,1,90,147,19
1711,0,0,0,0,0,0,0,11,2,1,212,147,19
1712,0,0,0,0,0,0,0,23,2,1,212,147,19
1713,0,0,0,0,0,0,0,65,2,1,212,147,19
1714,0,0,0,0,0,0,0,11,2,1,124,91,19
1715,0,0,0,0,0,0,0,21,2,1,124,91,19
1716,0,0,0,0,0,0,0,9,2,1,124,91,19
1717,0,0,0,0,0,0,0,12,2,1,124,91,19
1718,0,0,0,0,0,0,0,23,2,1,124,91,19
1719,0,0,0,0,0,0,0,65,2,1,124,91,19
1720,0,0,0,0,0,29,6,22,2,1,124,91,19
1721,0,0,0,0,0,0,0,37,2,1,124,91,19
1722,0,0,0,0,0,0,0,11,10,1,124,91,19
1723,0,0,0,0,0,0,0,12,10,1,124,91,19
1724,0,0,0,0,0,0,0,9,10,1,124,91,19
1725,0,0,0,0,0,0,0,11,2,1,31,3,19
1726,0,0,0,0,0,0,0,21,2,1,31,3,19
1727,0,0,0,0,0,0,0,9,2,1,31,3,19
1728,0,0,0,0,0,0,0,12,2,1,31,3,19
1729,0,0,0,0,0,0,0,23,2,1,31,3,19
1730,0,0,0,0,0,0,0,65,2,1,31,3,19
1731,0,0,0,0,0,29,6,22,2,1,31,3,19
1732,0,0,0,0,0,0,0,37,2,1,31,3,19
1733,0,0,0,0,0,0,0,11,10,1,31,3,19
1734,0,0,0,0,0,0,0,12,10,1,31,3,19
1735,0,0,0,0,0,0,0,9,10,1,31,3,19
1736,0,0,0,0,0,0,0,23,10,1,31,3,19
1737,0,0,0,0,0,0,0,21,10,1,31,3,19
1738,0,0,0,0,0,29,6,22,10,1,31,3,19
1739,0,0,0,0,0,45,6,22,2,1,31,3,19
1740,0,0,0,0,0,0,12,24,2,1,31,3,19
1741,0,0,0,0,0,51,13,84,2,1,31,3,19
1742,0,0,0,0,0,0,0,85,2,1,31,3,19
1743,0,0,0,0,0,0,0,86,2,1,31,3,19
1744,0,0,0,0,0,0,0,87,2,1,31,3,19
1745,0,0,0,0,0,0,0,88,2,1,31,3,19
1746,0,0,0,0,11,4,1,14,18,1,31,3,19
1747,0,0,0,0,23,4,1,14,18,1,31,3,19
1748,0,0,0,0,9,4,1,14,18,1,31,3,19
1749,0,0,0,0,12,4,1,14,18,1,31,3,19
1750,0,0,0,0,21,4,1,14,18,1,31,3,19
1751,0,0,0,0,0,0,0,0,45,1,31,3,19
1752,0,0,0,0,0,0,0,0,61,1,31,3,19
1753,0,0,0,0,0,0,12,26,2,1,31,3,19
1754,0,0,0,0,0,0,9,26,2,1,31,3,19
1755,0,0,0,0,0,0,23,26,2,1,31,3,19
1756,0,0,0,0,29,6,22,26,2,1,31,3,19
1757,0,0,0,0,0,0,37,26,2,1,31,3,19
1758,0,0,0,0,0,0,11,16,2,1,31,3,19
1759,0,0,0,0,0,0,11,24,2,1,31,3,19
1760,0,0,0,0,0,0,11,49,2,1,31,3,19
1761,0,0,0,0,0,0,21,24,2,1,31,3,19
1762,0,0,0,0,0,0,12,16,2,1,31,3,19
1763,0,0,0,0,0,0,11,8,2,1,31,3,19
1764,0,0,0,0,0,0,23,24,2,1,31,3,19
1765,0,0,0,0,0,0,9,24,2,1,31,3,19
1766,0,0,0,0,0,0,12,8,2,1,31,3,19
1767,0,0,0,0,0,0,12,49,2,1,31,3,19
1768,0,0,0,0,0,0,21,49,2,1,31,3,19
1769,0,0,0,0,0,0,23,8,2,1,31,3,19
1770,0,0,0,0,0,0,9,8,2,1,31,3,19
1771,0,0,0,0,0,0,21,8,2,1,31,3,19
1772,0,0,0,0,0,29,13,113,73,1,31,3,19
1773,0,0,0,0,51,13,64,34,2,1,31,3,19
1774,0,0,0,0,0,45,6,22,2,1,31,3,19
1775,0,0,0,0,0,61,6,22,2,1,31,3,19
1776,0,0,0,0,0,0,0,0,114,1,31,3,19
1777,0,0,0,0,0,0,0,120,73,1,31,3,19
1778,0,0,0,0,0,0,0,0,121,1,31,3,19
1779,0,0,0,0,0,0,0,122,2,1,31,3,19
1780,0,0,0,0,0,0,0,0,123,1,31,3,19
1781,0,0,0,0,0,0,0,11,2,1,47,3,19
1782,0,0,0,0,0,0,0,21,2,1,47,3,19
1783,0,0,0,0,0,0,0,9,2,1,47,3,19
1784,0,0,0,0,0,0,0,12,2,1,47,3,19
1785,0,0,0,0,0,0,0,23,2,1,47,3,19
1786,0,0,0,0,0,0,0,65,2,1,47,3,19
1787,0,0,0,0,0,29,6,22,2,1,47,3,19
1788,0,0,0,0,0,0,0,37,2,1,47,3,19
1789,0,0,0,0,0,0,0,11,10,1,47,3,19
1790,0,0,0,0,0,0,0,12,10,1,47,3,19
1791,0,0,0,0,0,0,0,9,10,1,47,3,19
1792,0,0,0,0,0,0,0,23,10,1,47,3,19
1793,0,0,0,0,0,0,0,21,10,1,47,3,19
1794,0,0,0,0,0,29,6,22,10,1,47,3,19
1795,0,0,0,0,0,45,6,22,2,1,47,3,19
1796,0,0,0,0,0,0,12,24,2,1,47,3,19
1797,0,0,0,0,0,51,13,84,2,1,47,3,19
1798,0,0,0,0,0,0,0,85,2,1,47,3,19
1799,0,0,0,0,0,0,0,86,2,1,47,3,19
1800,0,0,0,0,0,0,0,87,2,1,47,3,19
1801,0,0,0,0,0,0,0,88,2,1,47,3,19
1802,0,0,0,0,11,4,1,14,18,1,47,3,19
1803,0,0,0,0,23,4,1,14,18,1,47,3,19
1804,0,0,0,0,9,4,1,14,18,1,47,3,19
1805,0,0,0,0,12,4,1,14,18,1,47,3,19
1806,0,0,0,0,21,4,1,14,18,1,47,3,19
1807,0,0,0,0,0,0,0,0,45,1,47,3,19
1808,0,0,0,0,0,0,0,0,61,1,47,3,19
1809,0,0,0,0,0,0,12,26,2,1,47,3,19
1810,0,0,0,0,0,0,9,26,2,1,47,3,19
1811,0,0,0,0,0,0,23,26,2,1,47,3,19
1812,0,0,0,0,29,6,22,26,2,1,47,3,19
1813,0,0,0,0,0,0,37,26,2,1,47,3,19
1814,0,0,0,0,0,0,11,16,2,1,47,3,19
1815,0,0,0,0,0,0,11,24,2,1,47,3,19
1816,0,0,0,0,0,0,11,49,2,1,47,3,19
1817,0,0,0,0,0,0,21,24,2,1,47,3,19
1818,0,0,0,0,0,0,12,16,2,1,47,3,19
1819,0,0,0,0,0,0,11,8,2,1,47,3,19
1820,0,0,0,0,0,0,23,24,2,1,47,3,19
1821,0,0,0,0,0,0,9,24,2,1,47,3,19
1822,0,0,0,0,0,0,12,8,2,1,47,3,19
1823,0,0,0,0,0,0,12,49,2,1,47,3,19
1824,0,0,0,0,0,0,21,49,2,1,47,3,19
1825,0,0,0,0,0,0,23,8,2,1,47,3,19
1826,0,0,0,0,0,0,9,8,2,1,47,3,19
1827,0,0,0,0,0,0,21,8,2,1,47,3,19
1828,0,0,0,0,0,29,13,113,73,1,47,3,19
1829,0,0,0,0,51,13,64,34,2,1,47,3,19
1830,0,0,0,0,0,45,6,22,2,1,47,3,19
1831,0,0,0,0,0,61,6,22,2,1,47,3,19
1832,0,0,0,0,0,0,0,0,114,1,47,3,19
1833,0,0,0,0,0,0,0,0,11,2,1,39,19
1834,0,0,0,0,0,0,0,0,21,2,1,39,19
1835,0,0,0,0,0,0,0,0,9,2,1,39,19
1836,0,0,0,0,0,0,0,0,12,2,1,39,19
1837,0,0,0,0,0,0,0,0,23,2,1,39,19
1838,0,0,0,0,0,0,0,0,65,2,1,39,19
1839,0,0,0,0,0,0,29,6,22,2,1,39,19
1840,0,0,0,0,0,0,0,0,37,2,1,39,19
1841,0,0,0,0,0,0,0,0,11,10,1,39,19
1842,0,0,0,0,0,0,0,0,12,10,1,39,19
1843,0,0,0,0,0,0,0,0,9,10,1,39,19
1844,0,0,0,0,0,0,0,0,23,10,1,39,19
1845,0,0,0,0,0,0,0,0,21,10,1,39,19
1846,0,0,0,0,0,0,29,6,22,10,1,39,19
1847,0,0,0,0,0,0,45,6,22,2,1,39,19
1848,0,0,0,0,0,0,0,12,24,2,1,39,19
1849,0,0,0,0,0,0,51,13,84,2,1,39,19
1850,0,0,0,0,0,0,0,0,85,2,1,39,19
1851,0,0,0,0,0,0,0,0,86,2,1,39,19
1852,0,0,0,0,0,0,0,0,87,2,1,39,19
1853,0,0,0,0,0,0,0,0,88,2,1,39,19
1854,0,0,0,0,0,11,4,1,14,18,1,39,19
1855,0,0,0,0,0,23,4,1,14,18,1,39,19
1856,0,0,0,0,0,9,4,1,14,18,1,39,19
1857,0,0,0,0,0,12,4,1,14,18,1,39,19
1858,0,0,0,0,0,21,4,1,14,18,1,39,19
1859,0,0,0,0,0,0,0,0,0,45,1,39,19
1860,0,0,0,0,0,0,0,0,0,61,1,39,19
1861,0,0,0,0,0,0,0,12,26,2,1,39,19
1862,0,0,0,0,0,0,0,9,26,2,1,39,19
1863,0,0,0,0,0,0,0,23,26,2,1,39,19
1864,0,0,0,0,0,29,6,22,26,2,1,39,19
1865,0,0,0,0,0,0,0,37,26,2,1,39,19
1866,0,0,0,0,0,0,0,11,16,2,1,39,19
1867,0,0,0,0,0,0,0,11,24,2,1,39,19
1868,0,0,0,0,0,0,0,11,49,2,1,39,19
1869,0,0,0,0,0,0,0,21,24,2,1,39,19
1870,0,0,0,0,0,0,0,12,16,2,1,39,19
1871,0,0,0,0,0,0,0,11,8,2,1,39,19
1872,0,0,0,0,0,0,0,23,24,2,1,39,19
1873,0,0,0,0,0,0,0,9,24,2,1,39,19
1874,0,0,0,0,0,0,0,12,8,2,1,39,19
1875,0,0,0,0,0,0,0,12,49,2,1,39,19
1876,0,0,0,0,0,0,0,21,49,2,1,39,19
1877,0,0,0,0,0,0,0,23,8,2,1,39,19
1878,0,0,0,0,0,0,0,9,8,2,1,39,19
1879,0,0,0,0,0,0,0,21,8,2,1,39,19
1880,0,0,0,0,0,0,29,13,113,73,1,39,19
1881,0,0,0,0,0,51,13,64,34,2,1,39,19
1882,0,0,0,0,0,0,45,6,22,2,1,39,19
1883,0,0,0,0,0,0,61,6,22,2,1,39,19
1884,0,0,0,0,0,0,0,0,0,114,1,39,19
1885,0,0,0,0,0,0,0,0,120,73,1,39,19
1886,0,0,0,0,0,0,0,0,0,121,1,39,19
1887,0,0,0,0,0,0,0,0,122,2,1,39,19
1888,0,0,0,0,0,0,0,0,0,123,1,39,19
1889,0,0,0,0,0,0,0,11,2,1,40,41,19
1890,0,0,0,0,0,0,0,21,2,1,40,41,19
1891,0,0,0,0,0,0,0,9,2,1,40,41,19
1892,0,0,0,0,0,0,0,12,2,1,40,41,19
1893,0,0,0,0,0,0,0,23,2,1,40,41,19
1894,0,0,0,0,0,0,0,65,2,1,40,41,19
1895,0,0,0,0,0,29,6,22,2,1,40,41,19
1896,0,0,0,0,0,0,0,37,2,1,40,41,19
1897,0,0,0,0,0,0,0,11,10,1,40,41,19
1898,0,0,0,0,0,0,0,12,10,1,40,41,19
1899,0,0,0,0,0,0,0,9,10,1,40,41,19
1900,0,0,0,0,0,0,0,23,10,1,40,41,19
1901,0,0,0,0,0,0,0,21,10,1,40,41,19
1902,0,0,0,0,0,29,6,22,10,1,40,41,19
1903,0,0,0,0,0,45,6,22,2,1,40,41,19
1904,0,0,0,0,0,0,12,24,2,1,40,41,19
1905,0,0,0,0,0,51,13,84,2,1,40,41,19
1906,0,0,0,0,0,0,0,85,2,1,40,41,19
1907,0,0,0,0,0,0,0,86,2,1,40,41,19
1908,0,0,0,0,0,0,0,87,2,1,40,41,19
1909,0,0,0,0,0,0,0,88,2,1,40,41,19
1910,0,0,0,0,11,4,1,14,18,1,40,41,19
1911,0,0,0,0,23,4,1,14,18,1,40,41,19
1912,0,0,0,0,9,4,1,14,18,1,40,41,19
1913,0,0,0,0,12,4,1,14,18,1,40,41,19
1914,0,0,0,0,21,4,1,14,18,1,40,41,19
1915,0,0,0,0,0,0,0,0,45,1,40,41,19
1916,0,0,0,0,0,0,0,0,61,1,40,41,19
1917,0,0,0,0,0,0,12,26,2,1,40,41,19
1918,0,0,0,0,0,0,9,26,2,1,40,41,19
1919,0,0,0,0,0,0,23,26,2,1,40,41,19
1920,0,0,0,0,29,6,22,26,2,1,40,41,19
1921,0,0,0,0,0,0,37,26,2,1,40,41,19
1922,0,0,0,0,0,0,11,16,2,1,40,41,19
1923,0,0,0,0,0,0,11,24,2,1,40,41,19
1924,0,0,0,0,0,0,11,49,2,1,40,41,19
1925,0,0,0,0,0,0,21,24,2,1,40,41,19
1926,0,0,0,0,0,0,12,16,2,1,40,41,19
1927,0,0,0,0,0,0,11,8,2,1,40,41,19
1928,0,0,0,0,0,0,23,24,2,1,40,41,19
1929,0,0,0,0,0,0,9,24,2,1,40,41,19
1930,0,0,0,0,0,0,12,8,2,1,40,41,19
1931,0,0,0,0,0,0,12,49,2,1,40,41,19
1932,0,0,0,0,0,0,21,49,2,1,40,41,19
1933,0,0,0,0,0,0,23,8,2,1,40,41,19
1934,0,0,0,0,0,0,9,8,2,1,40,41,19
1935,0,0,0,0,0,0,21,8,2,1,40,41,19
1936,0,0,0,0,0,29,13,113,73,1,40,41,19
1937,0,0,0,0,51,13,64,34,2,1,40,41,19
1938,0,0,0,0,0,45,6,22,2,1,40,41,19
1939,0,0,0,0,0,61,6,22,2,1,40,41,19
1940,0,0,0,0,0,0,0,0,114,1,40,41,19
1941,0,0,0,0,0,0,0,120,73,1,40,41,19
1942,0,0,0,0,0,0,0,0,121,1,40,41,19
1943,0,0,0,0,0,0,0,122,2,1,40,41,19
1944,0,0,0,0,0,0,0,0,123,1,40,41,19
1945,0,0,0,0,0,0,0,11,2,1,42,3,19
1946,0,0,0,0,0,0,0,21,2,1,42,3,19
1947,0,0,0,0,0,0,0,9,2,1,42,3,19
1948,0,0,0,0,0,0,0,12,2,1,42,3,19
1949,0,0,0,0,0,0,0,23,2,1,42,3,19
1950,0,0,0,0,0,0,0,65,2,1,42,3,19
1951,0,0,0,0,0,29,6,22,2,1,42,3,19
1952,0,0,0,0,0,0,0,37,2,1,42,3,19
1953,0,0,0,0,0,0,0,11,10,1,42,3,19
1954,0,0,0,0,0,0,0,12,10,1,42,3,19
1955,0,0,0,0,0,0,0,9,10,1,42,3,19
1956,0,0,0,0,0,0,0,23,10,1,42,3,19
1957,0,0,0,0,0,0,0,21,10,1,42,3,19
1958,0,0,0,0,0,29,6,22,10,1,42,3,19
1959,0,0,0,0,0,45,6,22,2,1,42,3,19
1960,0,0,0,0,0,0,12,24,2,1,42,3,19
1961,0,0,0,0,0,51,13,84,2,1,42,3,19
1962,0,0,0,0,0,0,0,85,2,1,42,3,19
1963,0,0,0,0,0,0,0,86,2,1,42,3,19
1964,0,0,0,0,0,0,0,87,2,1,42,3,19
1965,0,0,0,0,0,0,0,88,2,1,42,3,19
1966,0,0,0,0,11,4,1,14,18,1,42,3,19
1967,0,0,0,0,23,4,1,14,18,1,42,3,19
1968,0,0,0,0,9,4,1,14,18,1,42,3,19
1969,0,0,0,0,12,4,1,14,18,1,42,3,19
1970,0,0,0,0,21,4,1,14,18,1,42,3,19
1971,0,0,0,0,0,0,0,0,45,1,42,3,19
1972,0,0,0,0,0,0,0,0,61,1,42,3,19
1973,0,0,0,0,0,0,12,26,2,1,42,3,19
1974,0,0,0,0,0,0,9,26,2,1,42,3,19
1975,0,0,0,0,0,0,23,26,2,1,42,3,19
1976,0,0,0,0,29,6,22,26,2,1,42,3,19
1977,0,0,0,0,0,0,37,26,2,1,42,3,19
1978,0,0,0,0,0,0,11,16,2,1,42,3,19
1979,0,0,0,0,0,0,11,24,2,1,42,3,19
1980,0,0,0,0,0,0,11,49,2,1,42,3,19
1981,0,0,0,0,0,0,21,24,2,1,42,3,19
1982,0,0,0,0,0,0,12,16,2,1,42,3,19
1983,0,0,0,0,0,0,11,8,2,1,42,3,19
1984,0,0,0,0,0,0,23,24,2,1,42,3,19
1985,0,0,0,0,0,0,9,24,2,1,42,3,19
1986,0,0,0,0,0,0,12,8,2,1,42,3,19
1987,0,0,0,0,0,0,12,49,2,1,42,3,19
1988,0,0,0,0,0,0,21,49,2,1,42,3,19
1989,0,0,0,0,0,0,23,8,2,1,42,3,19
1990,0,0,0,0,0,0,9,8,2,1,42,3,19
1991,0,0,0,0,0,0,21,8,2,1,42,3,19
1992,0,0,0,0,0,29,13,113,73,1,42,3,19
1993,0,0,0,0,51,13,64,34,2,1,42,3,19
1994,0,0,0,0,0,45,6,22,2,1,42,3,19
1995,0,0,0,0,0,61,6,22,2,1,42,3,19
1996,0,0,0,0,0,0,0,0,114,1,42,3,19
1997,0,0,0,0,0,0,0,120,73,1,42,3,19
1998,0,0,0,0,0,0,0,0,121,1,42,3,19
1999,0,0,0,0,0,0,0,122,2,1,42,3,19
2000,0,0,0,0,0,0,0,0,123,1,42,3,19
2001,0,0,0,0,0,0,0,11,2,1,43,3,19
2002,0,0,0,0,0,0,0,21,2,1,43,3,19
2003,0,0,0,0,0,0,0,9,2,1,43,3,19
2004,0,0,0,0,0,0,0,12,2,1,43,3,19
2005,0,0,0,0,0,0,0,23,2,1,43,3,19
2006,0,0,0,0,0,0,0,65,2,1,43,3,19
2007,0,0,0,0,0,29,6,22,2,1,43,3,19
2008,0,0,0,0,0,0,0,37,2,1,43,3,19
2009,0,0,0,0,0,0,0,11,10,1,43,3,19
2010,0,0,0,0,0,0,0,12,10,1,43,3,19
2011,0,0,0,0,0,0,0,9,10,1,43,3,19
2012,0,0,0,0,0,0,0,23,10,1,43,3,19
2013,0,0,0,0,0,0,0,21,10,1,43,3,19
2014,0,0,0,0,0,29,6,22,10,1,43,3,19
2015,0,0,0,0,0,45,6,22,2,1,43,3,19
2016,0,0,0,0,0,0,12,24,2,1,43,3,19
2017,0,0,0,0,0,51,13,84,2,1,43,3,19
2018,0,0,0,0,0,0,0,85,2,1,43,3,19
2019,0,0,0,0,0,0,0,86,2,1,43,3,19
2020,0,0,0,0,0,0,0,87,2,1,43,3,19
2021,0,0,0,0,0,0,0,88,2,1,43,3,19
2022,0,0,0,0,11,4,1,14,18,1,43,3,19
2023,0,0,0,0,23,4,1,14,18,1,43,3,19
2024,0,0,0,0,9,4,1,14,18,1,43,3,19
2025,0,0,0,0,12,4,1,14,18,1,43,3,19
2026,0,0,0,0,21,4,1,14,18,1,43,3,19
2027,0,0,0,0,0,0,0,0,45,1,43,3,19
2028,0,0,0,0,0,0,0,0,61,1,43,3,19
2029,0,0,0,0,0,0,12,26,2,1,43,3,19
2030,0,0,0,0,0,0,9,26,2,1,43,3,19
2031,0,0,0,0,0,0,23,26,2,1,43,3,19
2032,0,0,0,0,29,6,22,26,2,1,43,3,19
2033,0,0,0,0,0,0,37,26,2,1,43,3,19
2034,0,0,0,0,0,0,11,16,2,1,43,3,19
2035,0,0,0,0,0,0,11,24,2,1,43,3,19
2036,0,0,0,0,0,0,11,49,2,1,43,3,19
2037,0,0,0,0,0,0,21,24,2,1,43,3,19
2038,0,0,0,0,0,0,12,16,2,1,43,3,19
2039,0,0,0,0,0,0,11,8,2,1,43,3,19
2040,0,0,0,0,0,0,23,24,2,1,43,3,19
2041,0,0,0,0,0,0,9,24,2,1,43,3,19
2042,0,0,0,0,0,0,12,8,2,1,43,3,19
2043,0,0,0,0,0,0,12,49,2,1,43,3,19
2044,0,0,0,0,0,0,21,49,2,1,43,3,19
2045,0,0,0,0,0,0,23,8,2,1,43,3,19
2046,0,0,0,0,0,0,9,8,2,1,43,3,19
2047,0,0,0,0,0,0,21,8,2,1,43,3,19
2048,0,0,0,0,0,29,13,113,73,1,43,3,19
2049,0,0,0,0,51,13,64,34,2,1,43,3,19
2050,0,0,0,0,0,45,6,22,2,1,43,3,19
2051,0,0,0,0,0,61,6,22,2,1,43,3,19
2052,0,0,0,0,0,0,0,0,114,1,43,3,19
2053,0,0,0,0,0,0,0,120,73,1,43,3,19
2054,0,0,0,0,0,0,0,0,121,1,43,3,19
2055,0,0,0,0,0,0,0,122,2,1,43,3,19
2056,0,0,0,0,0,0,0,0,123,1,43,3,19
